Device Name,Machine Name,Domain/Workgroup,Last Seen,Last Logged User,Last Reboot Time,IP Address,Customer Name,OS Type,OS Edition,OS Version,OS Build,Office,AntiVirus,Vendor,Motherboard,Model,Serial Number,Processor,Memory,Display,Sound,Harddrive,CDRom,Network Adapter,System Drive,MAC Addresses,Port 21,Port 25,Port 80,Port 443,Port 3389,Critical Patch,Security Patch,Service Pack Patch,Upgrade Patch,Optional Patches
PHAPP1,PHAPP1,PH.palacioshospital.net,"January 19, 2021 1:29:00 PM","PH\jgreen (Since: Feb 18, 2020 10:16:36 AM),PH\carson (Since: Apr 17, 2020 2:54:02 PM),PH\tntbackup (Since: Jun 11, 2020 3:07:47 PM)","August 19, 2020 10:14:48 AM",209.204.30.50/192.168.203.14;,Palacios Hospital,Server,Microsoft Windows Server 2016 Standard  x64,1607,14393.2759,N/A,"@%ProgramFiles%\Windows Defender\MpAsDesc.dll,-390",Microsoft Corporation,Microsoft Corporation Virtual Machine ,Virtual Machine,5219-6530-3084-8728-8620-1134-15,Intel(R) Xeon(R) CPU E5-2640 v3 @ 2.60GHz ,8 GB,Microsoft Hyper-V Video,N/A,Microsoft Virtual Disk (39GB),,Microsoft Hyper-V Network Adapter,C,00:15:5D:0C:15:04 (Primary),0,0,0,0,1,0,4,1,0,0
SBNURSST,SBNURSST,PH.palacioshospital.net,"January 3, 2021 3:24:24 PM","PH\cecby (Since: Dec 13, 2020 7:18:37 PM)","January 3, 2021 10:26:22 AM",64.234.35.35/10.28.10.50;,Palacios Hospital,Work Station,Microsoft Windows 10 Pro  x64,2004,19041.685,"Microsoft Office Standard 2016, Build  16.0.4266.1001",Symantec Endpoint Protection,,ASUSTeK COMPUTER INC. PRIME B360M-A ,N/A,N/A,Intel(R) Core(TM) i5-8400 CPU @ 2.80GHz ,15.85 GB,Intel(R) UHD Graphics 630,Intel(R) Display Audio,WDC WD10EZEX-08WN4A0 (931GB),,"Realtek PCIe GBE Family Controller,Qualcomm Atheros AR9281 Wireless Network Adapter",C,00:21:63:83:06:CA 0C:9D:92:65:0C:36 (Primary),0,0,0,0,0,0,0,1,0,6
PHFILESHARE,PHFILESHARE,PH.palacioshospital.net,"January 19, 2021 1:28:59 PM","PH\sbeechwood (Since: Mar 5, 2020 3:07:11 PM)","August 19, 2020 10:14:50 AM",209.204.30.50/192.168.203.15;,Palacios Hospital,Server,Microsoft Windows Server 2016 Standard  x64,1607,14393.2759,N/A,"@%ProgramFiles%\Windows Defender\MpAsDesc.dll,-390",Microsoft Corporation,Microsoft Corporation Virtual Machine ,Virtual Machine,6995-0030-7403-8051-1124-1909-09,Intel(R) Xeon(R) CPU E5-2640 v3 @ 2.60GHz ,8 GB,Microsoft Hyper-V Video,N/A,Microsoft Virtual Disk (201GB),,Microsoft Hyper-V Network Adapter,C,00:15:5D:0C:15:06 (Primary),0,0,0,0,1,0,4,1,0,0
SERVERROOMP,SERVERROOMP,PH.palacioshospital.net,"January 19, 2021 1:28:57 PM","PH\srwooster (Since: Jan 5, 2021 5:40:26 AM)","January 13, 2021 1:39:44 AM",209.204.30.50/192.168.203.87;,Palacios Hospital,Work Station,Microsoft Windows 10 Pro  x64,2009,19042.746,"Microsoft Office Professional 2010 SP2, Build  15.0.4693.1005",Symantec Endpoint Protection,,ASUSTeK COMPUTER INC. PRIME B360M-A ,N/A,N/A,Intel(R) Core(TM) i5-8400 CPU @ 2.80GHz ,15.85 GB,Intel(R) UHD Graphics 630,Intel(R) Display Audio,WDC WD10EZEX-08WN4A0 (931GB),,Realtek PCIe GBE Family Controller,C,0C:9D:92:64:4F:3D (Primary),0,0,0,0,0,0,0,1,0,4
PHVEEAM,PHVEEAM,PH.palacioshospital.net,"January 19, 2021 1:28:57 PM","PH\administrator (Since: Jun 12, 2020 3:49:04 AM)","August 19, 2020 10:16:28 AM",209.204.30.50/192.168.202.104;,Palacios Hospital,Server,Microsoft Windows Server 2016 Standard  x64,1607,14393.2759,N/A,"@%ProgramFiles%\Windows Defender\MpAsDesc.dll,-390",Microsoft Corporation,Microsoft Corporation Virtual Machine ,Virtual Machine,2989-8963-3020-7199-6998-8645-84,Intel(R) Xeon(R) CPU E5-2640 v3 @ 2.60GHz ,8 GB,Microsoft Hyper-V Video,N/A,Microsoft Virtual Disk (98GB),,Microsoft Hyper-V Network Adapter,C,00:15:5D:0C:15:07 (Primary),0,0,0,0,1,0,4,1,0,0
PHDC2,PHDC2,PH.palacioshospital.net,"January 19, 2021 1:28:58 PM","PH\jennifer (Since: Sep 24, 2020 9:56:51 PM)","November 5, 2020 3:12:17 AM",209.204.30.50/192.168.203.12;,Palacios Hospital,Domain Controller,Microsoft Windows Server 2016 Standard  x64,1607,14393.3986,N/A,"@%ProgramFiles%\Windows Defender\MpAsDesc.dll,-390",Microsoft Corporation,Microsoft Corporation Virtual Machine ,Virtual Machine,0360-5841-3981-2836-5029-4461-28,Intel(R) Xeon(R) CPU E5-2640 v3 @ 2.60GHz ,4 GB,Microsoft Hyper-V Video,N/A,Microsoft Virtual Disk (39GB),,Microsoft Hyper-V Network Adapter,C,00:15:5D:0C:15:05 (Primary),0,0,0,0,1,0,1,0,0,0
PHDC1,PHDC1,PH.palacioshospital.net,"January 19, 2021 1:28:59 PM","PH\jennifer (Since: Sep 24, 2020 9:40:48 PM),PH\ayeager (Since: Oct 1, 2020 6:05:20 PM),PH\thomas (Since: Oct 26, 2020 7:19:50 AM),PH\srwooster (Since: Oct 28, 2020 6:27:04 PM),PH\lthurmond (Since: Nov 12, 2020 10:55:39 AM),PH\carson (Since: Dec 29, 2020 10:56:37 AM)","September 24, 2020 8:37:49 PM",209.204.30.50/192.168.203.11;,Palacios Hospital,Domain Controller,Microsoft Windows Server 2016 Standard  x64,1607,14393.3930,N/A,Symantec Endpoint Protection,Microsoft Corporation,Microsoft Corporation Virtual Machine ,Virtual Machine,4115-4007-5197-1847-5332-6039-74,Intel(R) Xeon(R) CPU E5-2640 v3 @ 2.60GHz ,8 GB,Microsoft Hyper-V Video,N/A,Microsoft Virtual Disk (39GB),,Microsoft Hyper-V Network Adapter,C,00:15:5D:0C:15:03 (Primary),0,0,0,0,1,0,4,0,0,0
TTY611,TTY611,PH.palacioshospital.net,"January 19, 2021 1:28:58 PM","PH\hmozeyen (Since: Jan 17, 2021 11:19:45 AM),PH\fsaadeddine (Since: Jan 19, 2021 7:24:54 AM)","January 17, 2021 10:23:17 AM",209.204.30.50/192.168.203.92;,Palacios Hospital,Work Station,Microsoft Windows 8.1 Pro with Media Center  x64,6.3,9600,"Microsoft Office Professional 2010 SP2, Build  14.0.7015.1000",Symantec Endpoint Protection,LENOVO,LENOVO HASWELLREFRESHDT ,F0AW0077US,P900DRXC,Intel(R) Core(TM) i5-4460T CPU @ 1.90GHz ,7.92 GB,Intel(R) HD Graphics 4600,Realtek High Definition Audio,ST2000DX001-1CM164 (1863GB),HL-DT-ST DVDRAM GUB0N,"Realtek PCIe GBE Family Controller,Bluetooth Device (Personal Area Network),Realtek 8821AE Wireless LAN 802.11ac PCI-E NIC",C,00:25:AB:79:B4:FB (Primary)AC:E0:10:BB:F2:8A ,0,0,0,0,0,0,0,4,0,2
PH-PCMCHOSP-BO1,PH-PCMCHOSP-BO1,PH.palacioshospital.net,"January 19, 2021 1:28:58 PM","PH\jwebel (Since: Dec 14, 2020 7:49:17 AM)","December 20, 2020 5:10:06 AM",209.204.30.50/192.168.202.117;,Palacios Hospital,Work Station,Microsoft Windows 7 Professional SP1 x64,6.1,7601,"Microsoft Office Home & Business 2013, Build  15.0.5267.1000",Windows Defender,LENOVO,LENOVO To be filled by O.E.M. ,0809C6U,MJAGMGT,Intel(R) Core(TM)2 Duo CPU E8400 @ 3.00GHz ,3.97 GB,Intel(R) G41 Express Chipset,Realtek High Definition Audio,WDC WD5000AAKS-08WWPA0 ATA Device (465GB),TSSTcorp CDDVDW TS-H653J ATA Device,Marvell Yukon 88E8057 PCI-E Gigabit Ethernet Controller,C,C8:9C:DC:35:2F:2D (Primary),0,0,0,0,0,0,0,0,0,1
CEO,CEO,PH.palacioshospital.net,"September 8, 2020 9:56:38 AM","PH\rpascasio (Since: May 22, 2020 8:10:04 AM)","September 3, 2020 4:35:35 PM",199.66.150.227/10.12.11.89;,Palacios Hospital,Work Station,Microsoft Windows 10 Pro  x64,1903,18362.1016,"Microsoft Office Standard 2010, Build  15.0.4693.1005",Symantec Endpoint Protection,,ASUSTeK COMPUTER INC. PRIME B360M-A ,N/A,N/A,Intel(R) Core(TM) i5-8400 CPU @ 2.80GHz ,11.85 GB,Intel(R) UHD Graphics 630,Intel(R) Display Audio,WDC WD10EZEX-22MFCA0 (931GB),ASUS DRW-24F1ST   d,"Qualcomm Atheros AR5B91 Wireless Network Adapter,Realtek PCIe GBE Family Controller",C,00:22:5F:FF:41:A0 (Primary)0C:9D:92:64:47:19 ,0,0,0,0,0,0,0,2,0,0
TTY-604,TTY-604,PH.palacioshospital.net,"January 19, 2021 1:29:00 PM","PH\srutkowski (Since: Jan 19, 2021 7:37:30 AM)","January 19, 2021 7:35:41 AM",209.204.30.50/192.168.202.129;,Palacios Hospital,Work Station,Microsoft Windows 7 Professional SP1 x64,6.1,7601,"Microsoft Office Professional 2010 SP2, Build  14.0.7015.1000",Microsoft Security Essentials,LENOVO,LENOVO To be filled by O.E.M. ,0809C6U,MJAGMHE,Intel(R) Core(TM)2 Duo CPU E8400 @ 3.00GHz ,3.97 GB,Intel(R) G41 Express Chipset,Realtek High Definition Audio,WDC WD5000AAKS-08WWPA0 ATA Device (465GB),TSSTcorp CDDVDW TS-H653J ATA Device,Marvell Yukon 88E8057 PCI-E Gigabit Ethernet Controller,C,C8:9C:DC:34:40:D7 (Primary),0,0,0,0,0,0,1,1,0,1
TTY602,TTY602,PH.palacioshospital.net,"July 17, 2020 3:59:42 PM","PH\AMARTINEZ (Since: Jul 17, 2020 9:37:33 AM)","May 16, 2020 1:37:20 AM",209.204.30.50/192.168.202.151;,Palacios Hospital,Work Station,Microsoft Windows 7 Professional SP1 x64,6.1,7601,"Microsoft Office Professional 2010 SP2, Build  14.0.7015.1000",Windows Defender,LENOVO,LENOVO To be filled by O.E.M. ,0809C6U,MJAGMHT,Intel(R) Core(TM)2 Duo CPU E8400 @ 3.00GHz ,3.97 GB,Intel(R) G41 Express Chipset,Realtek High Definition Audio,WDC WD5000AAKS-08WWPA0 ATA Device (465GB),TSSTcorp CDDVDW TS-H653J ATA Device,Marvell Yukon 88E8057 PCI-E Gigabit Ethernet Controller,C,C8:9C:DC:53:17:B2 (Primary),0,0,0,0,0,0,0,0,0,0
RAD-DR-PAL,RAD-DR-PAL,PH.palacioshospital.net,"January 19, 2021 1:28:59 PM","PH\cgarcia (Since: Dec 29, 2020 11:02:38 AM)","December 12, 2020 11:08:58 AM",209.204.30.50/192.168.202.137;,Palacios Hospital,Work Station,Microsoft Windows 7 Professional SP1 x64,6.1,7601,"Microsoft Office Professional 2010 SP2, Build  14.0.7015.1000",Malwarebytes Anti-Malware version 2.2.1.1043,LENOVO,LENOVO To be filled by O.E.M. ,0809C6U,MJAGMHK,Intel(R) Core(TM)2 Duo CPU E8400 @ 3.00GHz ,3.97 GB,Intel(R) G41 Express Chipset,Realtek High Definition Audio,WDC WD5000AAKS-08WWPA0 ATA Device (465GB),TSSTcorp CDDVDW TS-H653J ATA Device,Marvell Yukon 88E8057 PCI-E Gigabit Ethernet Controller,C,C8:9C:DC:35:2E:B3 (Primary),0,0,0,0,0,0,0,8,0,3
TTY534,TTY534,PH.palacioshospital.net,"January 19, 2021 1:28:59 PM","PH\Mruiz (Since: Jan 19, 2021 6:02:30 AM)","January 19, 2021 5:59:25 AM",209.204.30.50/192.168.203.116;,Palacios Hospital,Work Station,Microsoft Windows 7 Professional SP1 x64,6.1,7601,"Microsoft Office Professional 2010 SP2, Build  14.0.7015.1000",Symantec Endpoint Protection,LENOVO,LENOVO To be filled by O.E.M. ,0809C6U,MJAGMHB,Intel(R) Core(TM)2 Duo CPU E8400 @ 3.00GHz ,3.97 GB,Intel(R) G41 Express Chipset,Realtek High Definition Audio,WDC WD5000AAKS-08WWPA0 ATA Device (465GB),TSSTcorp CDDVDW TS-H653J ATA Device,Marvell Yukon 88E8057 PCI-E Gigabit Ethernet Controller,C,C8:9C:DC:3F:FE:53 (Primary),0,0,1,0,0,0,1,0,0,0
LAPTOP-UHQOE0CI,LAPTOP-UHQOE0CI,PH.palacioshospital.net,"January 19, 2021 1:29:01 PM","PH\aespino (Since: Nov 13, 2020 9:42:23 AM)","November 13, 2020 9:41:42 AM",209.204.30.50/192.168.202.154;,Palacios Hospital,Work Station,Microsoft Windows 10 Pro  x64,2004,19041.630,N/A,Windows Defender,HP,HP 82BD ,HP Stream 14 Pro G3 Notebook PC,5CD742C3C5,Intel(R) Celeron(R) CPU N3060 @ 1.60GHz ,3.91 GB,Intel(R) HD Graphics,Realtek High Definition Audio,SanDisk DF4064 (58GB),,"Intel(R) Dual Band Wireless-AC 7265,Bluetooth Device (Personal Area Network) #2",C,44:03:2C:AC:BC:EB (Primary)44:03:2C:AC:BC:EF ,0,0,1,0,0,0,3,0,0,6
TTY362,TTY362,PH.palacioshospital.net,"January 1, 2021 2:43:39 PM","TTY362\Mid Coast Central (Since: Jan 1, 2021 1:27:42 PM)","January 1, 2021 1:27:06 PM",107.77.222.213/172.20.10.5;,Palacios Hospital,Work Station,Microsoft Windows 10 Pro  x64,1903,18362.720,N/A,Windows Defender,HP,HP 82BD ,HP Stream 14 Pro G3 Notebook PC,5CD742C3C8,Intel(R) Celeron(R) CPU N3060 @ 1.60GHz ,3.91 GB,Intel(R) HD Graphics,Realtek High Definition Audio,SanDisk DF4064 (58GB),,"Intel(R) Dual Band Wireless-AC 7265,Bluetooth Device (Personal Area Network) #2",C,44:03:2C:AC:E0:81 (Primary)44:03:2C:AC:E0:85 ,0,0,0,0,0,1,2,1,1,10
LAPTOP-8BNAGGD9,LAPTOP-8BNAGGD9,PH.palacioshospital.net,"November 29, 2019 10:30:45 AM",PH\kclark (Since: 11/26/2019 7:11:40 PM),"November 26, 2019 12:58:03 PM",23.91.218.170/192.168.203.53;,Palacios Hospital,Work Station,Microsoft Windows 10 Pro  x64,1903,18362.476,"Microsoft Office Home Premium, Build  16.0.12130.20410",Symantec Endpoint Protection,HP,HP 82BD ,HP Stream 14 Pro G3 Notebook PC,5CD742C3DB,Intel(R) Celeron(R) CPU N3060 @ 1.60GHz ,3.91 GB,Intel(R) HD Graphics,Realtek High Definition Audio,SanDisk DF4064 (58GB),,Intel(R) Dual Band Wireless-AC 7265,C,44:03:2C:AC:E0:45 (Primary),0,0,1,0,0,0,0,0,0,0
TTY600,TTY600,PH.palacioshospital.net,"January 19, 2021 1:29:01 PM","PH\snieto (Since: Nov 9, 2020 1:58:28 PM)","November 20, 2020 10:25:40 AM",209.204.30.50/192.168.203.48;,Palacios Hospital,Work Station,Microsoft Windows 7 Professional SP1 x64,6.1,7601,"Microsoft Office Professional 2010 SP2, Build  14.0.7015.1000",Symantec Endpoint Protection,LENOVO,LENOVO To be filled by O.E.M. ,0809C6U,MJAGMKC,Intel(R) Core(TM)2 Duo CPU E8400 @ 3.00GHz ,3.97 GB,Intel(R) G41 Express Chipset,Realtek High Definition Audio,WDC WD5000AAKS-08WWPA0 ATA Device (465GB),TSSTcorp CDDVDW TS-H653J ATA Device,Marvell Yukon 88E8057 PCI-E Gigabit Ethernet Controller,C,C8:9C:DC:53:9B:09 (Primary),0,0,0,0,0,0,1,5,0,2
TTY279,TTY279,PH.palacioshospital.net,"December 30, 2020 11:23:15 AM","TTY279\aypcm (Since: Dec 30, 2020 11:07:05 AM)","December 30, 2020 11:03:55 AM",209.204.30.50/192.168.202.164;,Palacios Hospital,Work Station,Microsoft Windows 10 Pro  x64,1903,18362.1016,N/A,Symantec Endpoint Protection,HP,HP 82BD ,HP Stream 14 Pro G3 Notebook PC,5CD742C3CK,Intel(R) Celeron(R) CPU N3060 @ 1.60GHz ,3.91 GB,Intel(R) HD Graphics,Realtek High Definition Audio,SanDisk DF4064 (58GB),,"Intel(R) Dual Band Wireless-AC 7265,Bluetooth Device (Personal Area Network) #2",C,44:03:2C:AC:D2:2B (Primary)44:03:2C:AC:D2:2F ,0,0,0,0,0,1,2,1,1,4
TTY531,TTY531,PH.palacioshospital.net,"December 5, 2019 12:57:29 PM",PH\nflores (Since: 12/5/2019 12:40:25 AM),"December 4, 2019 4:51:31 PM",23.91.218.170/192.168.203.89;,Palacios Hospital,Work Station,Microsoft Windows 7 Professional SP1 x64,6.1,7601,"Microsoft Office Professional 2010 SP2, Build  14.0.7015.1000",Symantec Endpoint Protection,LENOVO,LENOVO To be filled by O.E.M. ,0809C6U,MJAGMHM,Intel(R) Core(TM)2 Duo CPU E8400 @ 3.00GHz ,3.97 GB,Intel(R) G41 Express Chipset,Realtek High Definition Audio,WDC WD5000AAKS-08WWPA0 ATA Device (465GB),TSSTcorp CDDVDW TS-H653J ATA Device,Marvell Yukon 88E8057 PCI-E Gigabit Ethernet Controller,C,C8:9C:DC:35:2E:93 (Primary),0,0,1,0,0,0,0,0,0,0
LAPTOP-T7FQ5081,LAPTOP-T7FQ5081,PH.palacioshospital.net,"January 19, 2021 1:28:59 PM","PH\nschwartz (Since: Jan 19, 2021 9:04:33 AM)","January 19, 2021 9:03:56 AM",209.204.30.50/192.168.202.153;,Palacios Hospital,Work Station,Microsoft Windows 10 Pro  x64,2004,19041.746,N/A,Windows Defender,HP,HP 82BD ,HP Stream 14 Pro G3 Notebook PC,5CD742C3C0,Intel(R) Celeron(R) CPU N3060 @ 1.60GHz ,3.91 GB,Intel(R) HD Graphics,Realtek High Definition Audio,SanDisk DF4064 (58GB),,"Intel(R) Dual Band Wireless-AC 7265,Bluetooth Device (Personal Area Network) #2",C,44:03:2C:AC:C6:FA (Primary)44:03:2C:AC:C6:FE ,0,0,1,0,0,0,1,0,0,7
PCMCHOSP-FIN,PCMCHOSP-FIN,PH.palacioshospital.net,"January 19, 2021 1:28:59 PM","PH\mlongoria (Since: Dec 17, 2020 7:11:55 AM)","December 17, 2020 6:45:41 AM",209.204.30.50/192.168.203.44;,Palacios Hospital,Work Station,Microsoft Windows 7 Professional SP1 x64,6.1,7601,"Microsoft Office Professional 2010 SP2, Build  15.0.5267.1000",Microsoft Security Essentials,LENOVO,LENOVO To be filled by O.E.M. ,0809C6U,MJAGMHH,Intel(R) Core(TM)2 Duo CPU E8400 @ 3.00GHz ,3.97 GB,Intel(R) G41 Express Chipset,Realtek High Definition Audio,WDC WD5000AAKS-08WWPA0 ATA Device (465GB),TSSTcorp CDDVDW TS-H653J ATA Device,Marvell Yukon 88E8057 PCI-E Gigabit Ethernet Controller,C,C8:9C:DC:53:9B:04 (Primary),0,0,0,0,1,0,1,1,0,0
PCMCHOSP-MR1,PCMCHOSP-MR1,PH.palacioshospital.net,"January 19, 2021 1:28:57 PM","PH\kkisiah (Since: Jan 19, 2021 10:22:18 AM)","January 19, 2021 10:21:28 AM",209.204.30.50/192.168.202.136;,Palacios Hospital,Work Station,Microsoft Windows 10 Pro  x64,2004,19041.746,"Microsoft Office Standard 2013, Build  15.0.4569.1506",Symantec Endpoint Protection,,ASUSTeK COMPUTER INC. PRIME B360M-A ,N/A,N/A,Intel(R) Core(TM) i5-8400 CPU @ 2.80GHz ,15.85 GB,Intel(R) UHD Graphics 630,Intel(R) Display Audio,WDC WD10EZEX-75WN4A0 (931GB),ASUS DRW-24F1ST   d,Realtek PCIe GBE Family Controller,C,0C:9D:92:77:EA:2E (Primary),0,0,1,0,1,0,0,1,0,0
PCMCHOSP-MR2,PCMCHOSP-MR2,PH.palacioshospital.net,"January 19, 2021 1:29:00 PM","PH\jremlinger (Since: Jan 11, 2021 5:56:35 AM)","January 18, 2021 3:00:20 PM",209.204.30.50/192.168.202.157;,Palacios Hospital,Work Station,Microsoft Windows 10 Pro  x64,2004,19041.746,"Microsoft Office Standard 2013, Build  15.0.4569.1506",Symantec Endpoint Protection,,ASUSTeK COMPUTER INC. PRIME B360M-A ,N/A,N/A,Intel(R) Core(TM) i5-8400 CPU @ 2.80GHz ,15.85 GB,Intel(R) UHD Graphics 630,Intel(R) Display Audio,WDC WD10EZEX-08WN4A0 (931GB),ASUS DRW-24F1ST   d,Realtek PCIe GBE Family Controller,C,04:92:26:4C:44:81 (Primary),0,0,0,0,0,0,0,1,0,7
PHVH1,PHVH1,WORKGROUP,"January 19, 2021 1:28:59 PM","PHVH1\Administrator (Since: Aug 20, 2020 10:14:56 AM)","August 19, 2020 10:13:03 AM",209.204.30.50/192.168.203.72;192.168.203.75;192.168.203.71;192.168.202.37;,Palacios Hospital,Server,Microsoft Windows Server 2016 Standard  x64,1607,14393.2879,N/A,"@%ProgramFiles%\Windows Defender\MpAsDesc.dll,-390",Dell Inc.,Dell Inc. 0599V5 ,PowerEdge R730xd,98X8C42,2x Intel(R) Xeon(R) CPU E5-2640 v3 @ 2.60GHz ,127.91 GB,Microsoft Basic Display Adapter,N/A,DELL PERC H730P Mini SCSI Disk Device (558GB),,"Intel(R) Gigabit 4P I350-t rNDC,Intel(R) Gigabit 4P I350-t Adapter,Intel(R) Gigabit 4P I350-t Adapter #2,Intel(R) Gigabit 4P I350-t Adapter #3,Intel(R) Gigabit 4P I350-t Adapter #4,Hyper-V Virtual Ethernet Adapter #2,Hyper-V Virtual Ethernet Adapter #3",C,A0:36:9F:07:F6:50 A0:36:9F:07:F6:51 A0:36:9F:07:F6:52 A0:36:9F:07:F6:53 BC:30:5B:F0:CB:14 (Primary)BC:30:5B:F0:CB:15 BC:30:5B:F0:CB:16 BC:30:5B:F0:CB:17 ,0,0,0,0,1,0,4,1,0,1
TTY555,TTY555,WORKGROUP,"January 19, 2021 1:29:01 PM","TTY555\pharmacy (Since: Dec 14, 2020 8:07:28 AM)","December 12, 2020 11:03:30 AM",209.204.30.50/192.168.202.113;,Palacios Hospital,Work Station,Microsoft Windows 7 Professional SP1 x64,6.1,7601,"Microsoft Office Professional 2010 SP2, Build  14.0.7015.1000",Symantec Endpoint Protection,LENOVO,LENOVO To be filled by O.E.M. ,0809C6U,MJAGMGY,Intel(R) Core(TM)2 Duo CPU E8400 @ 3.00GHz ,3.97 GB,Intel(R) G41 Express Chipset,USB Audio Device,WDC WD5000AAKS-08WWPA0 ATA Device (465GB),TSSTcorp CDDVDW TS-H653J ATA Device,Marvell Yukon 88E8057 PCI-E Gigabit Ethernet Controller,C,C8:9C:DC:3F:FC:FF (Primary),0,0,0,0,0,0,8,13,0,3
PCMCHOSP-MS1,PCMCHOSP-MS1,PH.palacioshospital.net,"January 19, 2021 12:50:54 PM","PH\dmelenich (Since: Jan 15, 2021 1:20:54 AM),PH\acantu (Since: Jan 15, 2021 7:23:43 AM),PH\Lcurnutt (Since: Jan 16, 2021 8:34:24 PM)","January 14, 2021 11:24:18 PM",209.204.30.50/192.168.202.11;,Palacios Hospital,Work Station,Microsoft Windows 10 Pro  x64,2004,19041.746,N/A,Symantec Endpoint Protection,LENOVO,LENOVO 20NB005MUS ,20NB005MUS,PF1RVYH2,Intel(R) Core(TM) i5-8265U CPU @ 1.60GHz ,7.85 GB,Intel(R) UHD Graphics 620,Intel(R) Display Audio,INTEL SSDSC2KW256G8 (238GB),,"Realtek PCIe GbE Family Controller,Intel(R) Wireless-AC 9260 160MHz,Bluetooth Device (Personal Area Network)",C,98:FA:9B:69:83:26 D4:D2:52:AF:E0:0B (Primary)D4:D2:52:AF:E0:0F ,0,0,0,0,0,0,0,0,0,14
TTY553,TTY553,PH.palacioshospital.net,"January 19, 2021 1:28:59 PM","PH\cecby (Since: Jan 19, 2021 7:17:12 AM)","January 14, 2021 7:15:38 AM",209.204.30.50/192.168.203.93;,Palacios Hospital,Work Station,Microsoft Windows 8.1 Pro  x64,6.3,9600,"Microsoft Office Home & Business 2016, Build  16.0.13530.20316",Symantec Endpoint Protection,LENOVO,LENOVO HASWELLREFRESHDT ,F0AW0077US,P900DRWC,Intel(R) Core(TM) i5-4460T CPU @ 1.90GHz ,7.92 GB,Intel(R) HD Graphics 4600,Realtek High Definition Audio,ST2000DX001-1CM164 (1863GB),HL-DT-ST DVDRAM GUB0N,"Realtek PCIe GBE Family Controller,Bluetooth Device (Personal Area Network),Realtek 8821AE Wireless LAN 802.11ac PCI-E NIC",C,00:25:AB:79:A0:AA (Primary)AC:E0:10:AC:B4:10 ,0,0,0,0,0,0,1,4,0,2
TTY529,TTY529,WORKGROUP,"January 19, 2021 1:28:58 PM","TTY529\laboratory (Since: Jan 1, 2021 11:35:25 AM)","December 12, 2020 11:04:41 AM",209.204.30.50/192.168.202.125;,Palacios Hospital,Work Station,Microsoft Windows 7 Professional SP1 x64,6.1,7601,N/A,Symantec Endpoint Protection,LENOVO,LENOVO To be filled by O.E.M. ,0809C6U,MJAGMKH,Intel(R) Core(TM)2 Duo CPU E8400 @ 3.00GHz ,3.97 GB,Intel(R) G41 Express Chipset,Realtek High Definition Audio,WDC WD5000AAKS-08WWPA0 ATA Device (465GB),TSSTcorp CDDVDW TS-H653J ATA Device,Marvell Yukon 88E8057 PCI-E Gigabit Ethernet Controller,C,C8:9C:DC:53:78:24 (Primary),0,0,1,0,0,0,1,1,0,0
TTY521,TTY521,PH.palacioshospital.net,"January 19, 2021 1:28:59 PM","PH\jyoung (Since: Jan 15, 2021 3:45:07 PM)","January 19, 2021 8:42:24 AM",209.204.30.50/192.168.203.69;,Palacios Hospital,Work Station,Microsoft Windows 7 Professional SP1 x64,6.1,7601,"Microsoft Office Home & Business 2013, Build  15.0.5267.1000",Windows Defender,LENOVO,LENOVO To be filled by O.E.M. ,0809C6U,MJAGMGN,Intel(R) Core(TM)2 Duo CPU E8400 @ 3.00GHz ,3.97 GB,Intel(R) G41 Express Chipset,Realtek High Definition Audio,WDC WD5000AAKS-08WWPA0 ATA Device (465GB),TSSTcorp CDDVDW TS-H653J ATA Device,Marvell Yukon 88E8057 PCI-E Gigabit Ethernet Controller,C,C8:9C:DC:53:78:9F (Primary),0,0,1,0,0,0,0,7,0,1
AVAYAPALACIOS,AVAYAPALACIOS,WORKGROUP,"January 19, 2021 1:28:59 PM","AVAYAPALACIOS\Administrator (Since: Sep 21, 2020 11:47:00 AM)","January 16, 2021 4:05:10 AM",209.204.30.50/192.168.1.100;172.16.21.11;192.168.203.59;,Palacios Hospital,Server,Microsoft Windows Server 2012 R2 Standard  x64,6.3,9600,N/A,,HP,,ProLiant DL320e Gen8 v2,MX252500JG,Intel(R) Xeon(R) CPU E3-1220 v3 @ 3.10GHz ,7.84 GB,Matrox G200eh (HP) WDDM 1.2,N/A,HP LOGICAL VOLUME SCSI Disk Device (465GB),,"HP Ethernet 1Gb 2-port 332i Adapter,HP Ethernet 1Gb 2-port 332i Adapter #2",C,50:65:F3:F0:49:5C (Primary)50:65:F3:F0:49:5D ,0,0,0,0,1,0,0,0,0,0
TTY540,TTY540,WORKGROUP,"January 19, 2021 1:20:12 PM","TTY540\Nursing (Since: Jan 19, 2021 1:10:14 AM)","January 19, 2021 1:23:57 AM",209.204.30.50/192.168.202.155;,Palacios Hospital,Work Station,Microsoft Windows 7 Professional SP1 x64,6.1,7601,"Microsoft Office Professional 2010, Build  14.0.4763.1000","@%ProgramFiles%\Windows Defender\MsMpRes.dll,-103",LENOVO,LENOVO To be filled by O.E.M. ,0809C6U,MJAGMHP,Intel(R) Core(TM)2 Duo CPU E8400 @ 3.00GHz ,3.97 GB,Intel(R) G41 Express Chipset,Realtek High Definition Audio,WDC WD5000AAKS-08WWPA0 ATA Device (465GB),TSSTcorp CDDVDW TS-H653J ATA Device,Marvell Yukon 88E8057 PCI-E Gigabit Ethernet Controller,C,C8:9C:DC:53:77:C9 (Primary),0,0,0,0,1,0,0,0,0,0
TTY537,TTY537,WORKGROUP,"January 19, 2021 1:28:59 PM","TTY537\Administrator (Since: Jan 18, 2021 12:01:42 PM)","January 18, 2021 11:43:22 AM",209.204.30.50/192.168.202.108;,Palacios Hospital,Work Station,Microsoft Windows 7 Professional SP1 x64,6.1,7601,"Microsoft Office Professional 2010 SP2, Build  14.0.7015.1000",Symantec Endpoint Protection,LENOVO,LENOVO To be filled by O.E.M. ,0809C6U,MJAGMGM,Intel(R) Core(TM)2 Duo CPU E8400 @ 3.00GHz ,3.97 GB,Intel(R) G41 Express Chipset,Realtek High Definition Audio,WDC WD5000AAKS-08WWPA0 ATA Device (465GB),TSSTcorp CDDVDW TS-H653J ATA Device,Marvell Yukon 88E8057 PCI-E Gigabit Ethernet Controller,C,C8:9C:DC:53:78:A0 (Primary),0,0,1,0,1,0,0,1,0,3
TTY527,TTY527,WORKGROUP,"January 19, 2021 1:28:58 PM","TTY527\Lab draw (Since: Dec 14, 2020 1:54:10 PM)","December 12, 2020 11:04:18 AM",209.204.30.50/192.168.202.143;,Palacios Hospital,Work Station,Microsoft Windows 7 Professional SP1 x64,6.1,7601,"Microsoft Office Professional 2010 SP2, Build  14.0.7015.1000",Symantec Endpoint Protection,LENOVO,LENOVO To be filled by O.E.M. ,0809C6U,MJAGMKK,Intel(R) Core(TM)2 Duo CPU E8400 @ 3.00GHz ,3.97 GB,Intel(R) G41 Express Chipset,Realtek High Definition Audio,WDC WD5000AAKS-08WWPA0 ATA Device (465GB),TSSTcorp CDDVDW TS-H653J ATA Device,Marvell Yukon 88E8057 PCI-E Gigabit Ethernet Controller,C,C8:9C:DC:53:77:A1 (Primary),0,0,0,0,1,0,0,0,0,0
TTY533,TTY533,PH.palacioshospital.net,"December 30, 2020 11:47:46 AM","PH\lfilip (Since: Jul 23, 2020 10:03:02 AM)","December 30, 2020 11:25:06 AM",209.204.30.50/192.168.202.155;,Palacios Hospital,Work Station,Microsoft Windows 7 Professional SP1 x64,6.1,7601,N/A,Symantec Endpoint Protection,LENOVO,LENOVO To be filled by O.E.M. ,0809C6U,MJAGMGK,Intel(R) Core(TM)2 Duo CPU E8400 @ 3.00GHz ,3.97 GB,Intel(R) G41 Express Chipset,Realtek High Definition Audio,WDC WD5000AAKS-08WWPA0 ATA Device (465GB),TSSTcorp CDDVDW TS-H653J ATA Device,Marvell Yukon 88E8057 PCI-E Gigabit Ethernet Controller,C,C8:9C:DC:53:78:8D (Primary),0,0,0,0,0,0,0,0,0,0
TTY520,TTY520,WORKGROUP,"January 19, 2021 8:11:17 AM","TTY520\Maintenance (Since: Jan 11, 2021 3:24:58 PM)","January 18, 2021 12:54:15 AM",209.204.30.50/192.168.202.124;,Palacios Hospital,Work Station,Microsoft Windows 7 Professional SP1 x64,6.1,7601,"Microsoft Office Professional 2010 SP2, Build  14.0.7015.1000",Malwarebytes Anti-Malware version 2.2.1.1043,LENOVO,LENOVO To be filled by O.E.M. ,0809C6U,MJAGMKD,Intel(R) Core(TM)2 Duo CPU E8400 @ 3.00GHz ,3.97 GB,Intel(R) G41 Express Chipset,Realtek High Definition Audio,WDC WD5000AAKS-08WWPA0 ATA Device (465GB),TSSTcorp CDDVDW TS-H653J ATA Device,Marvell Yukon 88E8057 PCI-E Gigabit Ethernet Controller,C,C8:9C:DC:53:9A:8E (Primary),0,0,0,0,0,0,0,7,0,2
TTY550,TTY550,PH.palacioshospital.net,"December 30, 2020 12:03:54 PM","PH\aortiz (Since: Oct 5, 2020 3:15:17 PM)","December 30, 2020 11:07:44 AM",209.204.30.50/192.168.203.46;,Palacios Hospital,Work Station,Microsoft Windows 7 Professional SP1 x64,6.1,7601,"Microsoft Office Home & Business 2010, Build  14.0.7015.1000",,Dell Inc.,Dell Inc. 09KPNV ,Precision WorkStation T3500,3MWJXQ1,Intel(R) Xeon(R) CPU W3530 @ 2.80GHz ,4 GB,ATI FirePro V4800 (FireGL),High Definition Audio Device,WDC WD3200AAKS-75L9A0 (298GB),HL-DT-ST DVD+-RW GH70N,Broadcom NetXtreme 57xx Gigabit Controller,C,BC:30:5B:E1:EB:1D (Primary),0,0,0,0,0,0,0,0,0,0
TTY538,TTY538,WORKGROUP,"January 19, 2021 1:28:59 PM","TTY538\Laboratory (Since: Jan 1, 2021 12:45:06 PM)","December 12, 2020 11:03:48 AM",209.204.30.50/192.168.202.102;,Palacios Hospital,Work Station,Microsoft Windows 7 Professional SP1 x64,6.1,7601,N/A,Symantec Endpoint Protection,LENOVO,LENOVO To be filled by O.E.M. ,0809C6U,MJAGMHF,Intel(R) Core(TM)2 Duo CPU E8400 @ 3.00GHz ,3.97 GB,Intel(R) G41 Express Chipset,Realtek High Definition Audio,WDC WD5000AAKS-08WWPA0 ATA Device (465GB),TSSTcorp CDDVDW TS-H653J ATA Device,Marvell Yukon 88E8057 PCI-E Gigabit Ethernet Controller,C,C8:9C:DC:53:78:AD (Primary),0,0,0,0,0,0,0,5,0,3
TTY275,TTY275,PH.palacioshospital.net,"January 19, 2021 1:28:57 PM","PH\bhurtado (Since: Jan 14, 2021 7:44:09 AM)","January 14, 2021 2:18:07 AM",209.204.30.50/192.168.202.169;,Palacios Hospital,Work Station,Microsoft Windows 10 Pro  x64,1909,18363.1316,N/A,Symantec Endpoint Protection,HP,HP 82BD ,HP Stream 14 Pro G3 Notebook PC,5CD742C3C3,Intel(R) Celeron(R) CPU N3060 @ 1.60GHz ,3.91 GB,Intel(R) HD Graphics,Realtek High Definition Audio,SanDisk DF4064 (58GB),,"Intel(R) Dual Band Wireless-AC 7265,Bluetooth Device (Personal Area Network) #2",C,44:03:2C:AC:C7:54 (Primary)44:03:2C:AC:C7:58 ,0,0,0,0,0,0,0,0,0,0
