Device Name,Machine Name,Domain/Workgroup,Last Seen,Last Logged User,Last Reboot Time,IP Address,Customer Name,OS Type,OS Edition,OS Version,OS Build,Office,AntiVirus,Vendor,Motherboard,Model,Serial Number,Processor,Memory,Display,Sound,Harddrive,CDRom,Network Adapter,System Drive,MAC Addresses,Port 21,Port 25,Port 80,Port 443,Port 3389,Critical Patch,Security Patch,Service Pack Patch,Upgrade Patch,Optional Patches
SMHDC02,SMHDC02,swisherhospital.com,"May 17, 2020 10:12:26 PM","SWISHERHOSPITA0\carson (Since: Jul 15, 2019 12:43:05 PM),SWISHERHOSPITA0\jennifer (Since: Jul 15, 2019 12:54:47 PM),SWISHERHOSPITA0\srwooster (Since: Jul 15, 2019 10:32:37 PM),SWISHERHOSPITA0\egomez (Since: Aug 23, 2019 9:38:27 AM),SWISHERHOSPITA0\TravisScott (Since: Apr 8, 2020 1:04:00 PM)","July 15, 2019 5:41:01 PM",67.22.215.226/192.168.1.13;,Swisher Memorial Hospital,Domain Controller,Microsoft Windows Server 2012 R2 Standard  x64,6.3,9600,N/A,Symantec Endpoint Protection,Supermicro,Supermicro X9SCL/X9SCM ,X9SCL/X9SCM,1234567890,Intel(R) Xeon(R) CPU E3-1220 V2 @ 3.10GHz ,31.93 GB,Matrox G200eW (Nuvoton) WDDM 1.2,N/A,"WDC WD5000AAKX-22ERMA0 (465GB),DELL PERC H310 SCSI Disk Device (237GB)",ASUS DRW-24B1ST   c,"Intel(R) Ethernet Server Adapter I340-T4,Intel(R) 82574L Gigabit Network Connection,Hyper-V Virtual Ethernet Adapter #3,Microsoft Network Adapter Multiplexor Driver",C,90:E2:BA:58:72:E8 (Primary)90:E2:BA:58:72:E9 90:E2:BA:58:72:EA 90:E2:BA:58:72:EB ,0,0,0,0,1,0,5,1,0,0
SMHDC01,SMHDC01,swisherhospital.com,"May 17, 2020 10:12:25 PM","SWISHERHOSPITA0\carson (Since: Jul 18, 2019 2:43:46 PM),SWISHERHOSPITA0\srwooster (Since: Jul 22, 2019 12:09:42 AM),SWISHERHOSPITA0\jennifer (Since: Aug 6, 2019 1:59:40 PM),SWISHERHOSPITA0\egomez (Since: Nov 14, 2019 9:40:38 AM),SWISHERHOSPITA0\thomas (Since: Jan 29, 2020 6:34:39 PM)","July 15, 2019 5:52:18 PM",67.22.215.226/192.168.1.12;169.254.175.167;,Swisher Memorial Hospital,Domain Controller,Microsoft Windows Server 2012 R2 Standard  x64,6.3,9600,N/A,Symantec Endpoint Protection,Dell Inc.,Dell Inc. 0F0XJ6 ,PowerEdge R610,FZJL3P1,2x Intel(R) Xeon(R) CPU E5530 @ 2.40GHz ,31.99 GB,Microsoft Basic Display Adapter,N/A,"DELL PERC H700 SCSI Disk Device (111GB),DELL PERC H700 SCSI Disk Device (953GB),SYNOLOGY iSCSI Storage SCSI Disk Device (999GB)",TEAC DVD-ROM DV-28SW ATA Device,"Broadcom BCM5709C NetXtreme II GigE (NDIS VBD Client),Broadcom BCM5709C NetXtreme II GigE (NDIS VBD Client) #44,Microsoft Network Adapter Multiplexor Driver",C,F0:4D:A2:02:BC:D7 F0:4D:A2:02:BC:D9 F0:4D:A2:02:BC:DB F0:4D:A2:02:BC:DD (Primary),0,0,1,0,0,0,5,1,0,0
SMHAPP,SMHAPP,swisherhospital.com,"May 17, 2020 10:12:29 PM","SWISHERHOSPITA0\DebbieGarza (Since: Sep 30, 2019 7:45:48 AM),SWISHERHOSPITA0\LizzieDutton (Since: Dec 13, 2019 1:07:09 PM),SWISHERHOSPITA0\bkd (Since: Nov 1, 2019 2:11:51 PM)","September 27, 2019 1:29:34 AM",67.22.215.226/192.168.1.21;,Swisher Memorial Hospital,Server,Microsoft Windows Server 2012 R2 Standard  x64,6.3,9600,"Microsoft Office Professional 2016, Build  16.0.4288.1001",Symantec Endpoint Protection,Microsoft Corporation,Microsoft Corporation Virtual Machine ,Virtual Machine,1068-7668-3056-2394-7874-4244-47,Intel(R) Xeon(R) CPU E5-2640 v4 @ 2.40GHz ,8 GB,Microsoft Hyper-V Video,N/A,Microsoft Virtual Disk (59GB),Microsoft Virtual DVD-ROM,Microsoft Hyper-V Network Adapter,C,00:15:5D:75:E7:04 (Primary),0,0,1,1,1,18,22,1,0,2
SMHVM,SMHVM,swisherhospital.com,"May 17, 2020 10:12:27 PM","SWISHERHOSPITA0\TravisScott (Since: Apr 9, 2020 11:14:37 AM)","February 10, 2020 9:39:22 PM",67.22.215.226/192.168.1.31;,Swisher Memorial Hospital,Server,Microsoft Windows Server 2012 R2 Standard  x64,6.3,9600,N/A,Symantec Endpoint Protection,Supermicro,Supermicro X9SCL/X9SCM ,X9SCL/X9SCM,0123456789,Intel(R) Core(TM) i3-2100 CPU @ 3.10GHz ,7.97 GB,Microsoft Basic Display Adapter,N/A,Samsung SSD 850 EVO 250GB (232GB),,"Intel(R) 82574L Gigabit Network Connection,Intel(R) Ethernet Server Adapter I350-T2",C,0C:C4:7A:76:99:66 0C:C4:7A:76:99:67 (Primary)B4:96:91:38:09:BA B4:96:91:38:09:BB ,0,0,0,0,1,0,5,1,0,0
SMHITAPPS,SMHITAPPS,swisherhospital.com,"May 17, 2020 10:12:30 PM","SWISHERHOSPITA0\carson (Since: Mar 10, 2020 8:25:37 AM)","March 10, 2020 12:23:40 PM",67.22.215.226/192.168.1.69;,Swisher Memorial Hospital,Server,Microsoft Windows Server 2016 Standard  x64,1607,14393.3384,N/A,Symantec Endpoint Protection,Microsoft Corporation,Microsoft Corporation Virtual Machine ,Virtual Machine,3224-3444-5644-0085-0042-4239-58,Intel(R) Xeon(R) CPU E5-2640 v4 @ 2.40GHz ,8 GB,Microsoft Hyper-V Video,N/A,Microsoft Virtual Disk (99GB),,Microsoft Hyper-V Network Adapter,C,00:15:5D:75:E7:07 (Primary),0,0,0,0,1,0,3,1,0,0
SMHFILESHARE1,SMHFILESHARE1,swisherhospital.com,"May 17, 2020 10:12:25 PM","SWISHERHOSPITA0\carson (Since: Jul 23, 2019 12:08:49 AM),SWISHERHOSPITA0\srwooster (Since: Aug 9, 2019 3:57:54 PM)","July 23, 2019 5:08:23 AM",67.22.215.226/192.168.1.46;,Swisher Memorial Hospital,Server,Microsoft Windows Server 2016 Standard  x64,1607,14393.3085,N/A,,Microsoft Corporation,Microsoft Corporation Virtual Machine ,Virtual Machine,9408-5937-2218-3379-1166-8891-25,Intel(R) Xeon(R) CPU E5-2640 v4 @ 2.40GHz ,4 GB,Microsoft Hyper-V Video,N/A,"Microsoft Virtual Disk (599GB),Microsoft Virtual Disk (399GB)",,Microsoft Hyper-V Network Adapter,C,00:15:5D:75:E7:06 (Primary),0,0,0,0,1,0,4,2,0,0
SMHD04,SMHD04,swisherhospital.com,"May 17, 2020 7:35:05 PM","SWISHERHOSPITA0\LoriBice (Since: May 15, 2020 7:06:16 PM),SWISHERHOSPITA0\beckylinley (Since: May 15, 2020 8:20:44 PM),SWISHERHOSPITA0\MichelleChavez (Since: May 17, 2020 10:50:36 AM)","May 13, 2020 5:38:08 AM",67.22.215.226/192.168.1.104;,Swisher Memorial Hospital,Work Station,Microsoft Windows 10 Pro  x64,1903,18362.836,N/A,Symantec Endpoint Protection,Dell Inc.,Dell Inc. 0JP3NX ,OptiPlex 3050,DNM4MP2,Intel(R) Core(TM) i5-7500T CPU @ 2.70GHz ,7.89 GB,Intel(R) HD Graphics 630,Intel(R) Display Audio,Micron 1100 SATA 256GB (238GB),,"Realtek PCIe GBE Family Controller,Intel(R) Dual Band Wireless-AC 3165,Bluetooth Device (Personal Area Network)",C,94:B8:6D:3E:E7:84 94:B8:6D:3E:E7:88 D8:9E:F3:90:55:5A (Primary),0,0,0,0,1,0,0,2,0,1
SMHDROOM01,SMHDROOM01,swisherhospital.com,"May 17, 2020 10:12:30 PM","SWISHERHOSPITA0\TarahDouglas (Since: May 17, 2020 7:08:31 AM)","May 16, 2020 4:55:12 AM",67.22.215.226/192.168.1.110;,Swisher Memorial Hospital,Work Station,Microsoft Windows 10 Pro  x64,1909,18363.836,N/A,Symantec Endpoint Protection,Dell Inc.,Dell Inc. 0JP3NX ,OptiPlex 3050,DPLXLP2,Intel(R) Core(TM) i5-7500T CPU @ 2.70GHz ,7.89 GB,Intel(R) HD Graphics 630,Intel(R) Display Audio,Micron 1100 SATA 256GB (238GB),,"Intel(R) Dual Band Wireless-AC 3165,Realtek PCIe GBE Family Controller,Bluetooth Device (Personal Area Network)",C,94:B8:6D:3E:E6:A3 (Primary)94:B8:6D:3E:E6:A7 D8:9E:F3:90:71:47 ,0,0,0,0,1,0,0,2,0,0
SMHSQL,SMHSQL,swisherhospital.com,"May 17, 2020 10:12:25 PM","SWISHERHOSPITA0\srwooster (Since: Jul 16, 2019 1:42:40 AM),SWISHERHOSPITA0\TravisScott (Since: Apr 9, 2020 11:34:59 AM)","July 16, 2019 6:40:15 AM",67.22.215.226/192.168.1.20;,Swisher Memorial Hospital,Server,Microsoft Windows Server 2012 R2 Standard  x64,6.3,9600,N/A,Symantec Endpoint Protection,Microsoft Corporation,Microsoft Corporation Virtual Machine ,Virtual Machine,7490-3507-4925-0574-5644-6373-49,Intel(R) Xeon(R) CPU E5-2640 v4 @ 2.40GHz ,16 GB,Microsoft Hyper-V Video,N/A,Virtual HD ATA Device (59GB),Msft Virtual CD/ROM ATA Device,Microsoft Hyper-V Network Adapter,C,00:15:5D:75:E7:05 (Primary),0,0,1,0,1,0,7,2,0,0
SMHNOVANET,SMHNOVANET,swisherhospital.com,"May 17, 2020 10:12:28 PM","SWISHERHOSPITA0\carson (Since: Sep 28, 2019 10:26:17 AM)","September 28, 2019 3:26:01 PM",67.22.215.226/192.168.1.248;,Swisher Memorial Hospital,Server,Microsoft Windows Server 2016 Standard  x64,1607,14393.3204,N/A,Symantec Endpoint Protection,Microsoft Corporation,Microsoft Corporation Virtual Machine ,Virtual Machine,4626-2690-5432-2107-7498-4034-05,Intel(R) Xeon(R) CPU E5-2640 v4 @ 2.40GHz ,8 GB,Microsoft Hyper-V Video,N/A,Microsoft Virtual Disk (99GB),,Microsoft Hyper-V Network Adapter,C,00:15:5D:75:E7:08 (Primary),0,0,1,1,1,0,3,1,0,0
SMHPT02,SMHPT02,swisherhospital.com,"May 16, 2020 11:15:28 PM","SWISHERHOSPITA0\KaraDyer (Since: May 15, 2020 8:07:08 AM)","May 15, 2020 4:41:34 AM",67.22.215.226/192.168.1.119;,Swisher Memorial Hospital,Work Station,Microsoft Windows 10 Pro  x64,1903,18362.836,N/A,Symantec Endpoint Protection,Dell Inc.,Dell Inc. 0JP3NX ,OptiPlex 3050,2CTX7N2,Intel(R) Core(TM) i5-7500T CPU @ 2.70GHz ,7.89 GB,Intel(R) HD Graphics 630,Realtek Audio,INTEL SSDSC2KF256G8 SATA 256GB (238GB),,"Intel(R) Dual Band Wireless-AC 3165,Realtek PCIe GBE Family Controller,Bluetooth Device (Personal Area Network)",C,00:21:6B:EB:5A:B9 (Primary)00:21:6B:EB:5A:BD D8:9E:F3:80:B9:0E ,0,0,0,0,1,0,0,2,0,1
SMHDRECEPTION2,SMHDRECEPTION2,swisherhospital.com,"May 15, 2020 8:54:02 PM","SWISHERHOSPITA0\KristiLong (Since: May 12, 2020 7:54:34 AM)","May 15, 2020 12:49:46 PM",67.22.215.226/192.168.1.99;,Swisher Memorial Hospital,Work Station,Microsoft Windows 10 Pro  x64,1909,18363.836,N/A,Symantec Endpoint Protection,Dell Inc.,Dell Inc. 0MGK50 ,OptiPlex 3040,8X2CXH2,Intel(R) Core(TM) i5-6500T CPU @ 2.50GHz ,7.9 GB,Intel(R) HD Graphics 530,Intel(R) Display Audio,SanDisk X400 2.5 7MM 256GB (238GB),,"Realtek PCIe GBE Family Controller,Intel(R) Dual Band Wireless-AC 8260,Bluetooth Device (Personal Area Network)",C,48:4D:7E:F2:DC:E6 (Primary)F4:8C:50:C2:E8:4A F4:8C:50:C2:E8:4E ,0,0,0,0,1,0,0,3,0,1
SMHCLINIC2,SMHCLINIC2,swisherhospital.com,"May 16, 2020 4:54:46 PM","SWISHERHOSPITA0\TinaRodriguez (Since: May 15, 2020 8:50:57 AM)","May 14, 2020 3:53:10 PM",67.22.215.226/192.168.4.59;192.168.1.140;,Swisher Memorial Hospital,Work Station,Microsoft Windows 10 Pro  x64,1903,18362.836,N/A,Symantec Endpoint Protection,Microsoft Corporation,Microsoft Corporation Surface Pro 4 ,Surface Pro 4,019908160953,Intel(R) Core(TM) i5-6300U CPU @ 2.40GHz ,3.93 GB,Intel(R) HD Graphics 520,Realtek High Definition Audio(SST),NVMe SAMSUNG MZFLV128 (119GB),,"Marvell AVASTAR Wireless-AC Network Controller,Surface Ethernet Adapter",C,58:82:A8:97:67:93 98:5F:D3:42:4F:96 (Primary),0,0,0,0,1,0,0,3,0,0
SMH-LAB01,SMH-LAB01,swisherhospital.com,"May 17, 2020 10:12:29 PM","SWISHERHOSPITA0\loribice (Since: May 12, 2020 8:17:05 AM)","May 11, 2020 1:27:51 PM",67.22.215.226/192.168.1.35;,Swisher Memorial Hospital,Work Station,Microsoft Windows 7 Professional SP1,6.1,7601.24544,"Microsoft Office Home & Business 2013, Build  15.0.5215.1000",Symantec Endpoint Protection,INTEL_,Intel Corporation DH61BF ,DH61HO__,,Intel(R) Core(TM) i3-2100 CPU @ 3.10GHz ,3.41 GB,Intel(R) HD Graphics,Realtek High Definition Audio,MKNSSDCR120GB-7 ATA Device (111GB),ATAPI iHAS124   W ATA Device,Realtek PCIe GBE Family Controller,C,EC:A8:6B:F8:FB:A6 (Primary),0,0,0,0,1,0,0,2,0,2
SMHFILEPRINT,SMHFILEPRINT,swisherhospital.com,"May 17, 2020 10:12:27 PM","SWISHERHOSPITA0\carson (Since: Dec 17, 2019 2:24:04 PM),SWISHERHOSPITA0\LizzieDutton (Since: Feb 26, 2020 4:04:03 PM),SWISHERHOSPITA0\TravisScott (Since: Apr 16, 2020 9:10:47 AM)","October 4, 2019 4:12:31 PM",67.22.215.226/192.168.1.30;,Swisher Memorial Hospital,Server,Microsoft Windows Server 2012 R2 Standard  x64,6.3,9600,N/A,Symantec Endpoint Protection,Microsoft Corporation,Microsoft Corporation Virtual Machine ,Virtual Machine,1143-6082-7649-2788-2939-4521-08,Intel(R) Xeon(R) CPU E5-2640 v4 @ 2.40GHz ,4.09 GB,Microsoft Hyper-V Video,N/A,Microsoft Virtual Disk (100GB),Microsoft Virtual DVD-ROM,Microsoft Hyper-V Network Adapter #2,C,00:15:5D:75:E7:03 (Primary),0,0,1,1,1,0,5,2,0,1
SMHDXRAY01,SMHDXRAY01,swisherhospital.com,"May 17, 2020 4:01:07 PM","SWISHERHOSPITA0\xray (Since: May 13, 2020 8:57:47 PM)","May 14, 2020 12:46:40 AM",67.22.215.226/192.168.1.115;,Swisher Memorial Hospital,Work Station,Microsoft Windows 10 Pro  x64,1909,18363.836,N/A,Symantec Endpoint Protection,Dell Inc.,Dell Inc. 0MGK50 ,OptiPlex 3040,8W89XH2,Intel(R) Core(TM) i5-6500T CPU @ 2.50GHz ,7.9 GB,Intel(R) HD Graphics 530,Intel(R) Display Audio,SanDisk X400 2.5 7MM 256GB (238GB),hp DVDRAM GUB0N USB Device,"Intel(R) Dual Band Wireless-AC 8260,Realtek PCIe GBE Family Controller,Bluetooth Device (Personal Area Network)",C,48:4D:7E:F2:E3:25 F4:8C:50:C2:E8:18 (Primary)F4:8C:50:C2:E8:1C ,0,0,0,0,1,0,0,0,0,0
SMHDRNURSE2,SMHDRNURSE2,swisherhospital.com,"May 17, 2020 10:12:30 PM","SWISHERHOSPITA0\stevenrossi (Since: May 17, 2020 3:00:16 PM)","May 14, 2020 9:43:22 AM",67.22.215.226/192.168.1.126;,Swisher Memorial Hospital,Work Station,Microsoft Windows 10 Pro  x64,1909,18363.836,N/A,Symantec Endpoint Protection,Dell Inc.,Dell Inc. 0MGK50 ,OptiPlex 3040,32CPQG2,Intel(R) Core(TM) i5-6500T CPU @ 2.50GHz ,7.9 GB,Intel(R) HD Graphics 530,Intel(R) Display Audio,TOSHIBA THNSNK256GCS8 SATA 256GB (238GB),,"Intel(R) Dual Band Wireless-AC 8260,Realtek PCIe GBE Family Controller,Bluetooth Device (Personal Area Network) #2",C,48:4D:7E:D6:29:CC F0:D5:BF:8A:22:DA (Primary)F0:D5:BF:8A:22:DE ,0,0,0,0,1,0,0,3,0,1
SMHLAB03,SMHLAB03,swisherhospital.com,"May 17, 2020 10:12:29 PM","SWISHERHOSPITA0\beckylinley (Since: May 15, 2020 11:02:21 AM)","May 15, 2020 6:01:11 AM",67.22.215.226/192.168.1.75;,Swisher Memorial Hospital,Work Station,Microsoft Windows 10 Pro  x64,1909,18363.836,"Microsoft Office Standard 2010, Build  14.0.7015.1000",Symantec Endpoint Protection,Dell Inc.,Dell Inc. 0JP3NX ,OptiPlex 3050,29S38N2,Intel(R) Core(TM) i5-7500T CPU @ 2.70GHz ,7.73 GB,Intel(R) HD Graphics 630,Realtek Audio,"INTEL SSDSC2KF256G8 SATA 256GB (238GB),Generic Flash Disk USB Device (7GB)",,"Intel(R) Dual Band Wireless-AC 3165,Realtek PCIe GBE Family Controller,Bluetooth Device (Personal Area Network) #2",C,00:21:6B:EB:6F:FE (Primary)00:21:6B:EB:70:02 D8:9E:F3:81:29:06 ,0,0,1,1,1,0,0,2,0,1
SMHCLINICN1,SMHCLINICN1,swisherhospital.com,"May 17, 2020 11:15:54 PM","SWISHERHOSPITA0\SonyaBones (Since: May 14, 2020 8:12:44 AM)","May 13, 2020 11:22:51 PM",173.189.153.204/192.168.254.73;,Swisher Memorial Hospital,Work Station,Microsoft Windows 10 Pro  x64,1903,18362.836,N/A,Symantec Endpoint Protection,Microsoft Corporation,Microsoft Corporation Surface Pro 4 ,Surface Pro 4,017960560953,Intel(R) Core(TM) i5-6300U CPU @ 2.40GHz ,3.93 GB,Intel(R) HD Graphics 520,Realtek High Definition Audio(SST),NVMe SAMSUNG MZFLV128 (119GB),,"Marvell AVASTAR Wireless-AC Network Controller,Bluetooth Device (Personal Area Network),Surface Ethernet Adapter",C,58:82:A8:97:65:9D 98:5F:D3:42:51:36 (Primary)98:5F:D3:42:51:37 ,0,0,0,0,1,0,0,3,0,0
SMH-PHERNANDEZ,SMH-PHERNANDEZ,swisherhospital.com,"May 17, 2020 10:12:27 PM","SWISHERHOSPITA0\PatHernandez (Since: May 15, 2020 8:16:53 AM)","April 3, 2020 7:00:37 PM",67.22.215.226/192.168.1.50;,Swisher Memorial Hospital,Work Station,Microsoft Windows 7 Professional SP1,6.1,7601.24544,"Microsoft Office Home & Business 2013, Build  15.0.5215.1000",Symantec Endpoint Protection,,ASUSTeK COMPUTER INC. H61M-C ,N/A,N/A,Intel(R) Core(TM) i3-3240 CPU @ 3.40GHz ,3.2 GB,Intel(R) HD Graphics,Realtek High Definition Audio,KINGSTON SV300S37A120G ATA Device (111GB),TSSTcorp CDDVDW SH-224DB ATA Device,Realtek PCIe GBE Family Controller,C,D8:50:E6:B7:72:C4 (Primary),0,0,0,0,1,0,0,1,0,2
SMHNURSING02,SMHNURSING02,swisherhospital.com,"May 17, 2020 10:12:28 PM","SWISHERHOSPITA0\TarahDouglas (Since: May 16, 2020 6:40:20 AM),SWISHERHOSPITA0\DafanhiaMontanez (Since: May 16, 2020 6:30:08 PM)","May 15, 2020 11:27:50 AM",67.22.215.226/192.168.1.127;,Swisher Memorial Hospital,Work Station,Microsoft Windows 10 Pro  x64,1903,18362.836,"Microsoft Office Standard 2010, Build  14.0.7015.1000",Symantec Endpoint Protection,Dell Inc.,Dell Inc. 0MGK50 ,OptiPlex 3040,323MQG2,Intel(R) Core(TM) i5-6500T CPU @ 2.50GHz ,7.9 GB,Citrix Indirect Display Adapter,Intel(R) Display Audio,TOSHIBA THNSNK256GCS8 SATA 256GB (238GB),,"Realtek PCIe GBE Family Controller,Intel(R) Dual Band Wireless-AC 8260,Bluetooth Device (Personal Area Network)",C,48:4D:7E:D6:26:E7 (Primary)F0:D5:BF:8C:D6:92 F0:D5:BF:8C:D6:96 ,0,0,0,0,1,0,0,3,0,0
SMH-STHOMPSON,SMH-STHOMPSON,swisherhospital.com,"May 17, 2020 10:12:30 PM","SWISHERHOSPITA0\sallythompson (Since: May 12, 2020 2:43:52 PM)","May 12, 2020 7:43:26 PM",67.22.215.226/192.168.1.62;,Swisher Memorial Hospital,Work Station,Microsoft Windows 7 Professional SP1,6.1,7601.24546,"Microsoft Office Professional 2010 SP2, Build  14.0.7015.1000",Symantec Endpoint Protection,INTEL_,Intel Corporation DH61BF ,DH61HO__,,Intel(R) Core(TM) i3-2100 CPU @ 3.10GHz ,3.48 GB,NVIDIA Quadro FX 560,Realtek High Definition Audio,SanDisk SDSSDH2128G ATA Device (119GB),ASUS DRW-24B1ST   c ATA Device,Realtek PCIe GBE Family Controller,C,EC:A8:6B:F6:7C:93 (Primary),0,0,0,0,1,0,0,0,0,0
SMHCLINIC04,SMHCLINIC04,swisherhospital.com,"May 17, 2020 10:12:28 PM","SWISHERHOSPITA0\KiaGiven (Since: May 12, 2020 7:47:21 AM)","May 12, 2020 6:26:50 AM",67.22.215.226/192.168.1.34;,Swisher Memorial Hospital,Work Station,Microsoft Windows 7 Professional SP1 x64,6.1,7601,N/A,Symantec Endpoint Protection,ASUSTeK COMPUTER INC.,ASUSTeK COMPUTER INC. VM62N ,VM62N,F9MSAC004033,Intel(R) Core(TM) i3-4030U CPU @ 1.90GHz ,3.91 GB,Intel(R) HD Graphics Family,Bluetooth Audio Device,Samsung SSD 850 EVO 250G SCSI Disk Device (232GB),,"Bluetooth Device (Personal Area Network),Realtek PCIe GBE Family Controller",C,14:DD:A9:08:A0:AD 40:E2:30:DE:5A:68 (Primary),0,0,0,0,1,0,0,0,0,0
SMHCLINIC3,SMHCLINIC3,swisherhospital.com,"May 15, 2020 8:53:59 PM","SWISHERHOSPITA0\KeithaJones (Since: May 14, 2020 1:03:18 PM)","May 14, 2020 6:02:20 PM",67.22.215.226/192.168.1.100;,Swisher Memorial Hospital,Work Station,Microsoft Windows 10 Pro  x64,1903,18362.836,N/A,Symantec Endpoint Protection,Microsoft Corporation,Microsoft Corporation Surface Pro 4 ,Surface Pro 4,020562660953,Intel(R) Core(TM) i5-6300U CPU @ 2.40GHz ,3.93 GB,Intel(R) HD Graphics 520,Realtek High Definition Audio(SST),NVMe SAMSUNG MZFLV128 (119GB),,"Marvell AVASTAR Wireless-AC Network Controller,Bluetooth Device (Personal Area Network) #2,Surface Ethernet Adapter",C,58:82:A8:97:66:C6 98:5F:D3:42:4E:56 (Primary)98:5F:D3:42:4E:57 ,0,0,0,0,1,0,0,0,0,0
SMHDRNURSE1,SMHDRNURSE1,swisherhospital.com,"May 17, 2020 10:12:27 PM","SWISHERHOSPITA0\DafanhiaMontanez (Since: May 16, 2020 6:00:08 PM)","May 16, 2020 12:00:41 AM",67.22.215.226/192.168.3.31;,Swisher Memorial Hospital,Work Station,Microsoft Windows 10 Pro  x64,1909,18363.836,N/A,Symantec Endpoint Protection,Dell Inc.,Dell Inc. 0MGK50 ,OptiPlex 3040,31NMQG2,Intel(R) Core(TM) i5-6500T CPU @ 2.50GHz ,7.9 GB,Intel(R) HD Graphics 530,Intel(R) Display Audio,TOSHIBA THNSNK256GCS8 SATA 256GB (238GB),,"Realtek PCIe GBE Family Controller,Intel(R) Dual Band Wireless-AC 8260,Bluetooth Device (Personal Area Network)",C,48:4D:7E:D5:C7:AF (Primary)F0:D5:BF:8C:D2:E1 F0:D5:BF:8C:D2:E5 ,0,0,0,0,1,0,0,3,0,1
SMHCLINIC4,SMHCLINIC4,swisherhospital.com,"May 16, 2020 8:52:19 PM","SWISHERHOSPITA0\CaraRamirez (Since: May 16, 2020 3:50:35 PM)","May 7, 2020 10:03:23 PM",67.22.215.226/192.168.1.160;,Swisher Memorial Hospital,Work Station,Microsoft Windows 10 Pro  x64,1903,18362.778,N/A,Symantec Endpoint Protection,Microsoft Corporation,Microsoft Corporation Surface Pro 4 ,Surface Pro 4,020072360953,Intel(R) Core(TM) i5-6300U CPU @ 2.40GHz ,3.93 GB,Intel(R) HD Graphics 520,Realtek High Definition Audio(SST),NVMe SAMSUNG MZFLV128 (119GB),,"Marvell AVASTAR Wireless-AC Network Controller,Bluetooth Device (Personal Area Network) #2,Surface Ethernet Adapter",C,58:82:A8:97:68:A5 98:5F:D3:42:4E:EA (Primary)98:5F:D3:42:4E:EB ,0,0,0,0,1,0,3,3,0,0
SMH-VGAMEZ,SMH-VGAMEZ,swisherhospital.com,"May 15, 2020 8:54:02 PM","SWISHERHOSPITA0\MeganBasaldua (Since: May 14, 2020 8:04:55 AM)","May 10, 2020 12:58:23 PM",67.22.215.226/192.168.1.60;,Swisher Memorial Hospital,Work Station,Microsoft Windows 7 Professional SP1 x64,6.1,7601,N/A,Symantec Endpoint Protection,ASUSTeK COMPUTER INC.,ASUSTeK COMPUTER INC. VM62N ,VM62N,F7MSAC007040,Intel(R) Core(TM) i3-4030U CPU @ 1.90GHz ,2.94 GB,Intel(R) HD Graphics Family,NVIDIA Virtual Audio Device (Wave Extensible) (WDM),Samsung SSD 850 EVO 250G SCSI Disk Device (232GB),,"Realtek PCIe GBE Family Controller,Realtek 8821AE Wireless LAN 802.11ac PCI-E NIC,Microsoft Virtual WiFi Miniport Adapter,Bluetooth Device (Personal Area Network) #2",C,14:DD:A9:08:09:1F (Primary)40:E2:30:DE:3D:EE 40:E2:30:DE:3D:EF ,0,0,0,0,1,0,1,2,0,1
SMHLP100,SMHLP100,swisherhospital.com,"May 17, 2020 10:12:28 PM","SWISHERHOSPITA0\stevenrossi (Since: May 17, 2020 3:15:52 PM)","May 13, 2020 8:12:11 AM",67.22.215.226/192.168.1.78;,Swisher Memorial Hospital,Work Station,Microsoft Windows 10 Pro  x64,1903,18362.836,"Microsoft Office Standard 2013, Build  15.0.4569.1506",Symantec Endpoint Protection,HP,HP 8532 ,HP 250 G7 Notebook PC,CND9376GRK,Intel(R) Core(TM) i5-8265U CPU @ 1.60GHz ,7.89 GB,DisplayLink USB Device,Intel(R) Display Audio,KBG30ZMV256G TOSHIBA (238GB),,"Realtek PCIe GbE Family Controller,Realtek RTL8821CE 802.11ac PCIe Adapter,Bluetooth Device (Personal Area Network),StarTech Ethernet",C,00:24:9B:5A:2F:A6 04:0E:3C:56:02:F7 (Primary)80:91:33:E6:56:3E 80:91:33:E6:56:3F ,0,0,0,0,1,0,0,3,0,0
SMH-SEHLY,SMH-SEHLY,swisherhospital.com,"May 15, 2020 9:42:32 PM","SWISHERHOSPITA0\shawnehly (Since: May 15, 2020 7:51:18 AM)","May 15, 2020 12:51:01 PM",67.22.215.226/192.168.1.36;,Swisher Memorial Hospital,Work Station,Microsoft Windows 7 Professional SP1,6.1,7601.24544,"Microsoft Office Standard 2010, Build  14.0.7015.1000",Symantec Endpoint Protection,,ASUSTeK COMPUTER INC. H61M-C ,N/A,N/A,Intel(R) Core(TM) i3-3240 CPU @ 3.40GHz ,3.46 GB,AMD Radeon HD 5450,AMD High Definition Audio Device,SSD2SC120G726A104-475-27796 ATA Device (111GB),TSSTcorp CDDVDW SH-224DB ATA Device,Realtek PCIe GBE Family Controller,C,D8:50:E6:B7:73:07 (Primary),0,0,0,0,1,0,0,0,0,0
SMH-D-HP2,SMH-D-HP2,swisherhospital.com,"May 13, 2020 10:12:15 PM","SWISHERHOSPITA0\CindyHernandez (Since: May 11, 2020 8:37:41 AM)","April 30, 2020 7:49:49 PM",67.22.215.226/192.168.1.122;,Swisher Memorial Hospital,Work Station,Microsoft Windows 10 Pro  x64,1903,18362.778,"Microsoft Office Standard 2016, Build  16.0.4266.1001",Symantec Endpoint Protection,Hewlett-Packard,Hewlett-Packard 8076 ,HP ProDesk 400 G1 DM,MXL5100M0G,Intel(R) Core(TM) i5-4590T CPU @ 2.00GHz ,3.93 GB,Intel(R) HD Graphics 4600,Realtek High Definition Audio,SSD2SC120G726A104-475-27796 (111GB),,Intel(R) Ethernet Connection I217-LM,C,64:51:06:5E:09:C1 (Primary),0,0,0,0,1,0,1,2,0,1
SMHPT01,SMHPT01,swisherhospital.com,"May 15, 2020 8:53:59 PM","SWISHERHOSPITA0\ScottDyer (Since: May 14, 2020 9:27:02 AM)","May 14, 2020 5:17:17 AM",67.22.215.226/127.0.0.1;,Swisher Memorial Hospital,Work Station,Microsoft Windows 10 Pro  x64,1903,18362.836,"Microsoft Office Standard 2013, Build  15.0.4569.1506",Symantec Endpoint Protection,Dell Inc.,Dell Inc. 0JP3NX ,OptiPlex 3050,DPY1MP2,Intel(R) Core(TM) i5-7500T CPU @ 2.70GHz ,7.73 GB,Intel(R) HD Graphics 630,Intel(R) Display Audio,Micron 1100 SATA 256GB (238GB),,"Realtek PCIe GBE Family Controller,Intel(R) Dual Band Wireless-AC 3165,Bluetooth Device (Personal Area Network)",C,94:B8:6D:3E:E7:8E 94:B8:6D:3E:E7:92 D8:9E:F3:90:44:E5 (Primary),0,0,0,0,1,0,0,0,0,0
SMHD02,SMHD02,swisherhospital.com,"May 15, 2020 10:22:12 PM","SWISHERHOSPITA0\ConniePowell (Since: May 14, 2020 8:03:06 AM)","May 14, 2020 4:40:15 AM",67.22.215.226/127.0.0.1;,Swisher Memorial Hospital,Work Station,Microsoft Windows 10 Pro  x64,1903,18362.836,"Microsoft Office Standard 2013, Build  15.0.4569.1506",Symantec Endpoint Protection,Dell Inc.,Dell Inc. 0JP3NX ,OptiPlex 3050,DPQ1MP2,Intel(R) Core(TM) i5-7500T CPU @ 2.70GHz ,7.89 GB,Intel(R) HD Graphics 630,Intel(R) Display Audio,Micron 1100 SATA 256GB (238GB),,"Intel(R) Dual Band Wireless-AC 3165,Realtek PCIe GBE Family Controller,Bluetooth Device (Personal Area Network)",C,94:B8:6D:3E:E6:17 (Primary)94:B8:6D:3E:E6:1B D8:9E:F3:90:5F:26 ,0,0,0,0,1,0,0,0,0,0
SMH-SURFACE02,SMH-SURFACE02,swisherhospital.com,"May 17, 2020 10:12:29 PM","SWISHERHOSPITA0\ToriMarnell (Since: May 12, 2020 12:41:27 PM)","May 13, 2020 10:39:21 PM",67.22.215.226/192.168.1.172;,Swisher Memorial Hospital,Work Station,Microsoft Windows 10 Pro  x64,1903,18362.836,"Microsoft Office Standard 2013, Build  15.0.4569.1506",Symantec Endpoint Protection,Microsoft Corporation,Microsoft Corporation Surface Pro 3 ,Surface Pro 3,007860752853,Intel(R) Core(TM) i5-4300U CPU @ 1.90GHz ,3.91 GB,Intel(R) HD Graphics Family,Realtek High Definition Audio,SAMSUNG MZMTE128HMGR-000MV (119GB),,"Marvell AVASTAR Wireless-AC Network Controller,Surface Ethernet Adapter,Bluetooth PAN HelpText",C,58:82:A8:94:56:FE B4:AE:2B:24:B0:01 (Primary)B4:AE:2B:24:B0:02 ,0,0,0,0,1,0,0,3,0,0
SMHDEBBIEF,SMHDEBBIEF,swisherhospital.com,"May 15, 2020 10:01:12 PM","SWISHERHOSPITA0\DebbieFisher (Since: May 15, 2020 8:17:26 AM)","May 13, 2020 11:26:46 PM",67.22.215.226/192.168.1.114;,Swisher Memorial Hospital,Work Station,Microsoft Windows 10 Pro  x64,1903,18362.836,"Microsoft Office Standard 2013, Build  15.0.4569.1506",Symantec Endpoint Protection,Hewlett-Packard,Hewlett-Packard 8076 ,HP ProDesk 400 G1 DM,MXL5100M0F,Intel(R) Core(TM) i5-4590T CPU @ 2.00GHz ,3.93 GB,Intel(R) HD Graphics 4600,Realtek High Definition Audio,MKNSSDCR120GB-7 (111GB),,Intel(R) Ethernet Connection I217-LM,C,64:51:06:5E:0A:55 (Primary),0,0,0,0,1,0,0,3,0,1
SMHDEBBIEG,SMHDEBBIEG,swisherhospital.com,"May 15, 2020 11:21:58 PM","SWISHERHOSPITA0\DebbieGarza (Since: May 15, 2020 8:57:24 AM)","May 15, 2020 1:56:12 PM",50.26.145.5/192.168.1.87;,Swisher Memorial Hospital,Work Station,Microsoft Windows 10 Pro  x64,1903,18362.836,"Microsoft Office Standard 2013, Build  15.0.4569.1506",Symantec Endpoint Protection,Microsoft Corporation,Microsoft Corporation Surface Laptop ,Surface Laptop,002702374757,Intel(R) Core(TM) i5-7300U CPU @ 2.60GHz ,7.93 GB,Intel(R) HD Graphics 620,USB Audio Device,THNSN0128GTYA TOSHIBA (119GB),,"Marvell AVASTAR Wireless-AC Network Controller,Surface Ethernet Adapter",C,00:FF:19:25:52:57 (Primary)58:82:A8:9C:80:D5 C4:9D:ED:1D:B5:3A ,0,0,0,0,1,0,0,0,0,0
SMHD06,SMHD06,swisherhospital.com,"May 17, 2020 10:12:27 PM","SWISHERHOSPITA0\SherryThornton (Since: May 13, 2020 7:09:07 AM)","May 13, 2020 12:22:57 AM",67.22.215.226/192.168.1.53;,Swisher Memorial Hospital,Work Station,Microsoft Windows 10 Pro  x64,1903,18362.836,"Microsoft Office Standard 2013, Build  15.0.4569.1506",Symantec Endpoint Protection,Dell Inc.,Dell Inc. 0JP3NX ,OptiPlex 3050,DJMXLP2,Intel(R) Core(TM) i5-7500T CPU @ 2.70GHz ,7.89 GB,Intel(R) HD Graphics 630,Intel(R) Display Audio,Micron 1100 SATA 256GB (238GB),,"Realtek PCIe GBE Family Controller,Intel(R) Dual Band Wireless-AC 3165,Bluetooth Device (Personal Area Network)",C,94:B8:6D:40:0B:FF 94:B8:6D:40:0C:03 D8:9E:F3:91:45:D1 (Primary),0,0,0,0,1,0,0,3,0,0
SWISHER-02,SWISHER-02,swisherhospital.com,"May 17, 2020 10:12:28 PM","SWISHERHOSPITA0\DebbieGarza (Since: Apr 15, 2020 3:56:50 PM),SWISHERHOSPITA0\NicoleGore (Since: May 12, 2020 12:05:23 PM)","April 15, 2020 8:24:07 AM",67.22.215.226/192.168.0.22;192.168.1.10;,Swisher Memorial Hospital,Server,Microsoft Windows Server 2008 R2 Standard SP1 x64,6.1,7601,"Microsoft Office Standard 2010, Build  14.0.7015.1000",Symantec Endpoint Protection,Intel,Intel S5000VSA   ,MP Server,.........,Intel(R) Xeon(R) CPU 5120 @ 1.86GHz ,7.99 GB,Standard VGA Graphics Adapter,N/A,SAMSUNG SSD PM800 Series 2.5 256GB ATA Device (238GB),HL-DT-ST DVDRAM GSA-H10N ATA Device,"Intel(R) PRO/1000 EB Network Connection with I/O Acceleration,Intel(R) PRO/1000 EB Network Connection with I/O Acceleration #2",C,00:15:17:02:4B:61 (Primary),0,0,1,1,1,0,0,2,0,1
SMHCLINIC05,SMHCLINIC05,swisherhospital.com,"May 17, 2020 10:12:27 PM","SWISHERHOSPITA0\LeeAnnBasaldua (Since: May 16, 2020 8:02:35 AM)","April 18, 2020 4:37:34 PM",67.22.215.226/192.168.1.45;,Swisher Memorial Hospital,Work Station,Microsoft Windows 7 Professional SP1 x64,6.1,7601,N/A,Symantec Endpoint Protection,ASUSTeK COMPUTER INC.,ASUSTeK COMPUTER INC. VM62N ,VM62N,F7MSAC006532,Intel(R) Core(TM) i3-4030U CPU @ 1.90GHz ,3.91 GB,Intel(R) HD Graphics Family,Realtek High Definition Audio,Samsung SSD 850 EVO 250GB ATA Device (232GB),,"Realtek PCIe GBE Family Controller,Bluetooth Device (Personal Area Network)",C,14:DD:A9:07:E4:03 40:E2:30:CC:54:32 (Primary),0,0,0,0,1,0,0,2,0,2
SMHCLINIC5,SMHCLINIC5,swisherhospital.com,"May 15, 2020 8:53:59 PM","SWISHERHOSPITA0\KarenHernandez (Since: May 15, 2020 8:29:05 AM)","May 15, 2020 1:28:22 PM",67.22.215.226/192.168.1.137;,Swisher Memorial Hospital,Work Station,Microsoft Windows 10 Pro  x64,1903,18362.836,"Microsoft Office Professional 2013, Build  15.0.4569.1506",Symantec Endpoint Protection,Microsoft Corporation,Microsoft Corporation Surface Pro 4 ,Surface Pro 4,017963260953,Intel(R) Core(TM) i5-6300U CPU @ 2.40GHz ,3.93 GB,Intel(R) HD Graphics 520,Realtek High Definition Audio(SST),NVMe SAMSUNG MZFLV128 (119GB),,"Marvell AVASTAR Wireless-AC Network Controller,Bluetooth Device (Personal Area Network),Surface Ethernet Adapter",C,58:82:A8:97:67:73 98:5F:D3:42:51:12 (Primary)98:5F:D3:42:51:13 ,0,0,0,0,1,0,0,2,0,0
SMHPC100,SMHPC100,swisherhospital.com,"May 17, 2020 10:12:29 PM","SWISHERHOSPITA0\KimberlyGeorge (Since: May 15, 2020 8:56:31 AM)","May 15, 2020 8:55:24 AM",67.22.215.226/192.168.1.79;,Swisher Memorial Hospital,Work Station,Microsoft Windows 10 Pro  x64,1909,18363.836,"Microsoft Office Standard 2013, Build  15.0.4569.1506",Symantec Endpoint Protection,HP,HP 8626 ,HP ProDesk 405 G4 Desktop Mini,MXL9423Y5R,AMD Ryzen 5 PRO 2400GE w/ Radeon Vega Graphics ,6.93 GB,AMD Radeon(TM) Vega 11 Graphics,Synaptics HD Audio,WDC PC SN520 SDAPNUW-256G-1006 (238GB),,"Realtek PCIe GbE Family Controller,Intel(R) Wireless-AC 9260 160MHz,Bluetooth Device (Personal Area Network)",C,80:E8:2C:1A:DC:0E (Primary)84:FD:D1:89:27:E0 84:FD:D1:89:27:E4 ,0,0,0,0,1,0,0,3,0,0
SMH-SURFACEMM,SMH-SURFACEMM,swisherhospital.com,"May 15, 2020 6:12:25 PM","SWISHERHOSPITA0\GaryGrand (Since: May 15, 2020 6:33:49 AM)","May 14, 2020 11:34:49 AM",67.22.215.226/192.168.1.80;,Swisher Memorial Hospital,Work Station,Microsoft Windows 10 Pro  x64,1903,18362.836,"Microsoft Office Standard 2013, Build  15.0.4569.1506",Symantec Endpoint Protection,Microsoft Corporation,Microsoft Corporation Surface Pro 3 ,Surface Pro 3,024384743453,Intel(R) Core(TM) i5-4300U CPU @ 1.90GHz ,3.91 GB,Intel(R) HD Graphics Family,Intel(R) Display Audio,SAMSUNG MZMTE128HMGR-000MV (119GB),,"Marvell AVASTAR Wireless-AC Network Controller,Surface Ethernet Adapter,Bluetooth PAN HelpText",C,50:1A:C5:F5:A0:45 (Primary)50:1A:C5:F5:A0:46 58:82:A8:97:68:56 ,0,0,0,0,1,0,0,3,0,0
SMH-DIETARY1,SMH-DIETARY1,swisherhospital.com,"May 17, 2020 10:12:29 PM","SWISHERHOSPITA0\dietary (Since: May 14, 2020 11:21:13 AM)","May 14, 2020 3:54:17 PM",67.22.215.226/192.168.1.55;,Swisher Memorial Hospital,Work Station,Microsoft Windows 10 Pro  x64,1903,18362.836,N/A,Symantec Endpoint Protection,Hewlett-Packard,Hewlett-Packard 8076 ,HP ProDesk 400 G1 DM,MXL5101MN6,Intel(R) Core(TM) i5-4590T CPU @ 2.00GHz ,3.93 GB,Intel(R) HD Graphics 4600,Realtek High Definition Audio,HGST HTS725050A7E630 (465GB),,Intel(R) Ethernet Connection I217-LM,C,64:51:06:5E:09:F3 (Primary),0,0,0,0,1,0,0,2,0,1
SMH-AWESLEY,SMH-AWESLEY,swisherhospital.com,"May 17, 2020 11:43:28 PM","SWISHERHOSPITA0\aaronwesley (Since: May 15, 2020 8:02:59 AM)","May 16, 2020 1:12:09 PM",67.22.215.226/192.168.1.85;,Swisher Memorial Hospital,Work Station,Microsoft Windows 7 Professional SP1,6.1,7601.23741,"Microsoft Office Standard 2010, Build  14.0.7015.1000",Symantec Endpoint Protection,,ASUSTeK COMPUTER INC. H61M-C ,N/A,N/A,Intel(R) Core(TM) i3-3240 CPU @ 3.40GHz ,3.2 GB,Intel(R) HD Graphics,Realtek High Definition Audio,SSD2SC120G726A104-475-27796 ATA Device (111GB),TSSTcorp CDDVDW SH-224DB ATA Device,Realtek PCIe GBE Family Controller,C,D8:50:E6:B7:73:3D (Primary),0,0,0,0,1,0,0,0,0,0
SMHNURSING01,SMHNURSING01,swisherhospital.com,"May 17, 2020 10:12:27 PM","SWISHERHOSPITA0\MariaMartinez (Since: May 17, 2020 8:55:54 AM)","May 16, 2020 11:56:12 AM",67.22.215.226/192.168.1.128;,Swisher Memorial Hospital,Work Station,Microsoft Windows 10 Pro  x64,1909,18363.836,N/A,Symantec Endpoint Protection,Dell Inc.,Dell Inc. 0MGK50 ,OptiPlex 3040,31MQQG2,Intel(R) Core(TM) i5-6500T CPU @ 2.50GHz ,7.9 GB,Intel(R) HD Graphics 530,Intel(R) Display Audio,TOSHIBA THNSNK256GCS8 SATA 256GB (238GB),,"Intel(R) Dual Band Wireless-AC 8260,Realtek PCIe GBE Family Controller,Bluetooth Device (Personal Area Network) #2",C,48:4D:7E:D6:11:12 F0:D5:BF:8C:D4:58 (Primary)F0:D5:BF:8C:D4:5C ,0,0,0,0,1,0,0,3,0,0
SMHDANGIED,SMHDANGIED,swisherhospital.com,"May 17, 2020 1:21:44 AM","SWISHERHOSPITA0\AngieDavis (Since: May 14, 2020 8:34:18 AM)","May 14, 2020 3:35:40 AM",67.22.215.226/169.254.77.44;,Swisher Memorial Hospital,Work Station,Microsoft Windows 10 Pro  x64,1903,18362.836,"Microsoft Office Standard 2013, Build  15.0.4569.1506",Symantec Endpoint Protection,Dell Inc.,Dell Inc. 0JP3NX ,OptiPlex 3050,2G9X7N2,Intel(R) Core(TM) i5-7500T CPU @ 2.70GHz ,7.89 GB,Intel(R) HD Graphics 630,HD Webcam C270,INTEL SSDSC2KF256G8 SATA 256GB (238GB),,"Realtek PCIe GBE Family Controller,Intel(R) Dual Band Wireless-AC 3165,Bluetooth Device (Personal Area Network) #2",C,00:21:6B:EC:49:56 00:21:6B:EC:49:5A D8:9E:F3:81:27:B2 (Primary),0,0,0,0,1,0,0,0,0,0
SML-SURFACE4,SML-SURFACE4,swisherhospital.com,"May 17, 2020 10:12:25 PM","SWISHERHOSPITA0\scotblakeman (Since: May 15, 2020 9:40:03 AM)","May 15, 2020 2:38:44 PM",67.22.215.226/192.168.1.98;,Swisher Memorial Hospital,Work Station,Microsoft Windows 10 Pro  x64,1903,18362.836,"Microsoft Office Standard 2013, Build  15.0.4569.1506",Symantec Endpoint Protection,Microsoft Corporation,Microsoft Corporation Surface Pro 3 ,Surface Pro 3,020265653053,Intel(R) Core(TM) i5-4300U CPU @ 1.90GHz ,3.91 GB,Intel(R) HD Graphics Family,Realtek High Definition Audio,SAMSUNG MZMTE128HMGR-000MV (119GB),,"Marvell AVASTAR Wireless-AC Network Controller,Bluetooth Device (Personal Area Network),Surface Ethernet Adapter",C,B4:AE:2B:28:41:61 (Primary)B4:AE:2B:28:41:62 C0:33:5E:CA:57:76 ,0,0,0,0,1,0,0,2,0,0
SMHSURFACEB1,SMHSURFACEB1,swisherhospital.com,"May 17, 2020 10:12:30 PM","SWISHERHOSPITA0\britneybirkenfeld (Since: May 15, 2020 1:05:17 PM)","May 15, 2020 6:00:52 PM",67.22.215.226/192.168.1.103;,Swisher Memorial Hospital,Work Station,Microsoft Windows 10 Pro  x64,1903,18362.836,"Microsoft Office Standard 2016, Build  16.0.4266.1001",Symantec Endpoint Protection,Microsoft Corporation,Microsoft Corporation Surface Book ,Surface Book,009220162457,Intel(R) Core(TM) i5-6300U CPU @ 2.40GHz ,7.93 GB,Intel(R) HD Graphics 520,Realtek High Definition Audio(SST),NVMe SAMSUNG MZFLV128 (119GB),,"Marvell AVASTAR Wireless-AC Network Controller,Bluetooth Device (Personal Area Network),Surface Ethernet Adapter",C,00:FF:D3:A7:11:9F (Primary)58:82:A8:8E:E9:4F 98:5F:D3:CA:63:77 98:5F:D3:CA:63:78 ,0,0,0,0,1,0,0,3,0,1
SMHMAIN01,SMHMAIN01,swisherhospital.com,"May 17, 2020 10:12:27 PM","SWISHERHOSPITA0\ChrisBasaldua (Since: Apr 3, 2020 12:47:13 PM)","February 25, 2020 9:16:12 PM",67.22.215.226/192.168.1.95;,Swisher Memorial Hospital,Work Station,Microsoft Windows 10 Pro  x64,1903,18362.657,"Microsoft Office Professional 2016, Build  15.0.4569.1506",Symantec Endpoint Protection,Dell Inc.,Dell Inc. 0JP3NX ,OptiPlex 3050,2D538N2,Intel(R) Core(TM) i5-7500T CPU @ 2.70GHz ,7.73 GB,Intel(R) HD Graphics 630,Realtek Audio,INTEL SSDSC2KF256G8 SATA 256GB (238GB),,"Intel(R) Dual Band Wireless-AC 3165,Realtek PCIe GBE Family Controller,Bluetooth Device (Personal Area Network) #2",C,00:21:6B:EB:71:75 (Primary)00:21:6B:EB:71:79 D8:9E:F3:81:28:15 ,0,0,0,0,1,1,11,3,0,1
SMHCLINIC6,SMHCLINIC6,swisherhospital.com,"May 15, 2020 8:54:00 PM","SWISHERHOSPITA0\WhitneyGeorge (Since: May 15, 2020 1:44:31 PM)","May 14, 2020 2:04:19 PM",67.22.215.226/192.168.1.111;,Swisher Memorial Hospital,Work Station,Microsoft Windows 10 Pro  x64,1903,18362.836,N/A,Symantec Endpoint Protection,Microsoft Corporation,Microsoft Corporation Surface Pro 4 ,Surface Pro 4,017895560953,Intel(R) Core(TM) i5-6300U CPU @ 2.40GHz ,3.93 GB,Intel(R) HD Graphics 520,Realtek High Definition Audio(SST),NVMe SAMSUNG MZFLV128 (119GB),,"Marvell AVASTAR Wireless-AC Network Controller,Bluetooth Device (Personal Area Network) #2,Surface Ethernet Adapter",C,4C:0B:BE:2E:B4:0B 98:5F:D3:42:51:0E (Primary)98:5F:D3:42:51:0F ,0,0,0,0,1,0,0,2,0,0
SMHACERAL,SMHACERAL,swisherhospital.com,"May 17, 2020 10:12:28 PM","SWISHERHOSPITA0\RosarioRamirez (Since: May 13, 2020 8:31:48 AM)","May 13, 2020 4:14:29 AM",67.22.215.226/192.168.1.167;,Swisher Memorial Hospital,Work Station,Microsoft Windows 10 Pro  x64,1903,18362.836,"Microsoft Office Standard 2016, Build  16.0.4266.1001",Symantec Endpoint Protection,Acer,Acer                   Veriton N4620G ,Veriton N4620G,DTVH6AA002426090F39600,Intel(R) Core(TM) i3-3227U CPU @ 1.90GHz ,5.87 GB,Intel(R) HD Graphics 4000,Realtek High Definition Audio,Samsung SSD 850 EVO 250GB (232GB),,"Qualcomm Atheros AR5BWB222 Wireless Network Adapter,Realtek PCIe GBE Family Controller,Bluetooth Device (Personal Area Network) #2",C,18:CF:5E:7F:0F:D8 (Primary)18:CF:5E:7F:36:20 30:0E:D5:BD:C0:64 ,0,0,0,0,1,0,0,2,0,1
SMHNURSING04,SMHNURSING04,swisherhospital.com,"May 17, 2020 10:12:27 PM","SWISHERHOSPITA0\LeslieBriones (Since: May 17, 2020 7:00:41 AM)","May 15, 2020 10:40:28 PM",67.22.215.226/192.168.1.61;,Swisher Memorial Hospital,Work Station,Microsoft Windows 10 Pro  x64,1909,18363.836,N/A,Symantec Endpoint Protection,Dell Inc.,Dell Inc. 0MGK50 ,OptiPlex 3040,329MQG2,Intel(R) Core(TM) i5-6500T CPU @ 2.50GHz ,7.88 GB,Citrix Indirect Display Adapter,Intel(R) Display Audio,TOSHIBA THNSNK256GCS8 SATA 256GB (238GB),,"Realtek PCIe GBE Family Controller,Intel(R) Dual Band Wireless-AC 8260",C,48:4D:7E:D6:0F:C6 (Primary)F0:D5:BF:8A:22:FD ,0,0,0,0,1,0,0,3,0,0
SMHPHARMACY01,SMHPHARMACY01,swisherhospital.com,"May 17, 2020 10:12:25 PM","SWISHERHOSPITA0\MaryGalloway (Since: May 13, 2020 8:05:30 AM)","May 13, 2020 1:59:00 AM",67.22.215.226/192.168.1.91;,Swisher Memorial Hospital,Work Station,Microsoft Windows 10 Pro  x64,1909,18363.836,"Microsoft Office Standard 2013, Build  15.0.4569.1506",Symantec Endpoint Protection,Dell Inc.,Dell Inc. 0JP3NX ,OptiPlex 3050,2GGX7N2,Intel(R) Core(TM) i5-7500T CPU @ 2.70GHz ,7.89 GB,Intel(R) HD Graphics 630,Realtek Audio,INTEL SSDSC2KF256G8 SATA 256GB (238GB),,"Realtek PCIe GBE Family Controller,Intel(R) Dual Band Wireless-AC 3165,Bluetooth Device (Personal Area Network) #2",C,00:21:6B:EB:5D:F2 00:21:6B:EB:5D:F6 D8:9E:F3:81:2B:AE (Primary),0,0,0,0,1,0,0,3,0,1
SMHL-LDUTTON,SMHL-LDUTTON,swisherhospital.com,"May 15, 2020 6:12:25 PM","SWISHERHOSPITA0\LizzieDutton (Since: May 14, 2020 7:27:06 AM)","May 14, 2020 12:26:14 PM",67.22.215.226/127.0.0.1;,Swisher Memorial Hospital,Work Station,Microsoft Windows 10 Pro  x64,1903,18362.836,"Microsoft Office Standard 2016, Build  16.0.4266.1001",Symantec Endpoint Protection,Microsoft Corporation,Microsoft Corporation Surface Book ,Surface Book,004213470957,Intel(R) Core(TM) i5-6300U CPU @ 2.40GHz ,7.92 GB,Intel(R) HD Graphics 520,Realtek High Definition Audio(SST),THNSN5256GPU7 TOSHIBA (238GB),,"Marvell AVASTAR Wireless-AC Network Controller,Bluetooth Device (Personal Area Network),Surface Ethernet Adapter",C,00:FF:93:99:B9:0E (Primary)94:9A:A9:28:18:9D BC:83:85:2A:87:AE BC:83:85:2A:87:AF ,0,0,1,0,1,0,0,2,0,1
SMH-PT03,SMH-PT03,swisherhospital.com,"May 17, 2020 10:12:28 PM","SWISHERHOSPITA0\MandySchilling (Since: May 4, 2020 8:58:58 AM)","May 13, 2020 11:28:41 PM",67.22.215.226/192.168.1.94;,Swisher Memorial Hospital,Work Station,Microsoft Windows 10 Pro  x64,1903,18362.836,"Microsoft Office Standard 2013, Build  15.0.4569.1506",Symantec Endpoint Protection,Acer,Acer                   Veriton N4620G ,Veriton N4620G,DTVH6AA002426091119600,Intel(R) Core(TM) i3-3227U CPU @ 1.90GHz ,7.87 GB,Intel(R) HD Graphics 4000,High Definition Audio Device,SSD2SC120G726A104-475-27796 (111GB),,"Qualcomm Atheros AR5BWB222 Wireless Network Adapter,Realtek PCIe GbE Family Controller,Bluetooth Device (Personal Area Network)",C,18:CF:5E:7E:FF:70 (Primary)18:CF:5E:7F:25:B8 30:0E:D5:BD:C1:8D ,0,0,0,0,1,0,0,2,0,0
SMHDVERA,SMHDVERA,swisherhospital.com,"November 25, 2019 7:55:24 PM",SWISHERHOSPITA0\VeraJohnson (Since: 11/22/2019 2:38:21 PM),"November 22, 2019 6:31:05 AM",67.22.215.226/192.168.1.173;,Swisher Memorial Hospital,Work Station,Microsoft Windows 10 Pro  x64,1903,18362.476,"Microsoft Office Standard 2010, Build  14.0.7015.1000",Symantec Endpoint Protection,Acer,Acer                   Veriton N4620G ,Veriton N4620G,DTVH6AA002426090069600,Intel(R) Core(TM) i3-3227U CPU @ 1.90GHz ,3.81 GB,Intel(R) HD Graphics 4000,High Definition Audio Device,SanDisk SDSSDP128G (117GB),,"Qualcomm Atheros AR5BWB222 Wireless Network Adapter,Realtek PCIe GBE Family Controller,Bluetooth Device (Personal Area Network) #2",C,18:CF:5E:7E:F9:76 (Primary)18:CF:5E:7F:1F:BE 30:0E:D5:BD:C4:94 ,0,0,0,0,1,0,1,3,0,0
SMHD07,SMHD07,swisherhospital.com,"May 16, 2020 7:51:52 AM","SWISHERHOSPITA0\LoriBice (Since: May 15, 2020 5:32:48 PM)","May 15, 2020 1:58:28 AM",67.22.215.226/192.168.1.112;,Swisher Memorial Hospital,Work Station,Microsoft Windows 10 Pro  x64,1909,18363.836,"Microsoft Office Professional 2013, Build  15.0.4569.1506",Symantec Endpoint Protection,Dell Inc.,Dell Inc. 0JP3NX ,OptiPlex 3050,DNFYLP2,Intel(R) Core(TM) i5-7500T CPU @ 2.70GHz ,7.89 GB,Intel(R) HD Graphics 630,Intel(R) Display Audio,Micron 1100 SATA 256GB (238GB),,"Intel(R) Dual Band Wireless-AC 3165,Realtek PCIe GBE Family Controller,Bluetooth Device (Personal Area Network)",C,94:B8:6D:3E:E7:93 (Primary)94:B8:6D:3E:E7:97 D8:9E:F3:90:5A:49 ,0,0,0,0,1,0,0,3,0,0
SMHSETHWILHELMD,SMHSETHWILHELMD,swisherhospital.com,"May 17, 2020 11:42:24 PM","SWISHERHOSPITA0\SethfWilhelm (Since: May 7, 2020 8:22:58 AM)","May 13, 2020 6:30:04 AM",67.22.215.226/192.168.1.118;,Swisher Memorial Hospital,Work Station,Microsoft Windows 10 Pro  x64,1903,18362.836,"Microsoft Office Standard 2016, Build  16.0.4266.1001",Symantec Endpoint Protection,Dell Inc.,Dell Inc. 0MGK50 ,OptiPlex 3040,6B56DD2,Intel(R) Core(TM) i5-6500T CPU @ 2.50GHz ,3.91 GB,Intel(R) HD Graphics 530,Intel(R) Display Audio,TOSHIBA THNSNK128GCS8 SATA 128GB (119GB),,"Intel(R) Dual Band Wireless-AC 8260,Realtek PCIe GBE Family Controller,Bluetooth Device (Personal Area Network)",C,18:66:DA:1F:81:C0 E4:B3:18:5D:F7:0F (Primary)E4:B3:18:5D:F7:13 ,0,0,0,0,1,0,0,3,0,0
SMHMAINTENANCE2,SMHMAINTENANCE2,swisherhospital.com,"May 15, 2020 4:52:10 PM","SWISHERHOSPITA0\BrentThompson (Since: May 14, 2020 8:37:12 AM)","May 13, 2020 10:49:51 PM",67.22.215.226/192.168.1.124;,Swisher Memorial Hospital,Work Station,Microsoft Windows 10 Pro  x64,1903,18362.836,"Microsoft Office Standard 2013, Build  15.0.4569.1506",Symantec Endpoint Protection,Hewlett-Packard,Hewlett-Packard 8076 ,HP ProDesk 400 G1 DM,MXL5100M0D,Intel(R) Core(TM) i5-4590T CPU @ 2.00GHz ,3.93 GB,Intel(R) HD Graphics 4600,Realtek High Definition Audio,HGST HTS725050A7E630 (465GB),,Intel(R) Ethernet Connection I217-LM,C,64:51:06:5E:09:C7 (Primary),0,0,0,0,1,0,0,2,0,0
SMH-SURFACE3,SMH-SURFACE3,swisherhospital.com,"May 17, 2020 10:12:25 PM","SWISHERHOSPITA0\CynthiaArcher (Since: May 14, 2020 8:31:59 AM)","May 14, 2020 12:19:12 AM",67.22.215.226/192.168.1.54;,Swisher Memorial Hospital,Work Station,Microsoft Windows 10 Pro  x64,1903,18362.836,"Microsoft Office Standard 2016, Build  16.0.4266.1001",Symantec Endpoint Protection,Microsoft Corporation,Microsoft Corporation Surface Pro 3 ,Surface Pro 3,015498153053,Intel(R) Core(TM) i5-4300U CPU @ 1.90GHz ,3.91 GB,Intel(R) HD Graphics Family,Realtek High Definition Audio,SAMSUNG MZMTE128HMGR-000MV (119GB),,"Marvell AVASTAR Wireless-AC Network Controller,Bluetooth PAN HelpText,Surface Ethernet Adapter",C,B4:AE:2B:28:40:64 ,0,0,0,0,1,0,0,2,0,0
SMHLBREWER,SMHLBREWER,swisherhospital.com,"May 15, 2020 6:12:26 PM","SWISHERHOSPITA0\LukeBrewer (Since: May 14, 2020 2:25:44 PM)","May 14, 2020 7:24:54 PM",67.22.215.226/127.0.0.1;,Swisher Memorial Hospital,Work Station,Microsoft Windows 10 Pro  x64,1903,18362.836,"Microsoft Office Standard 2016, Build  16.0.4266.1001",Symantec Endpoint Protection,Microsoft Corporation,Microsoft Corporation Surface Pro 4 ,Surface Pro 4,024054665353,Intel(R) Core(TM) i5-6300U CPU @ 2.40GHz ,3.93 GB,Intel(R) HD Graphics 520,USB Audio Device,SAMSUNG MZFLV128HCGR-000MV (119GB),,"Marvell AVASTAR Wireless-AC Network Controller,Bluetooth Device (Personal Area Network),Surface Ethernet Adapter",C,00:FF:00:F6:FB:91 (Primary)28:16:A8:04:77:FC BC:83:85:1B:17:68 BC:83:85:1B:17:69 ,0,0,0,0,1,0,0,3,0,1
DIETARYSIGN,DIETARYSIGN,swisherhospital.com,"May 17, 2020 10:12:29 PM","SWISHERHOSPITA0\ITSupport (Since: Mar 11, 2020 8:49:51 AM)","March 11, 2020 1:48:54 PM",67.22.215.226/192.168.3.33;,Swisher Memorial Hospital,Work Station,Microsoft Windows 10 Pro  x64,1903,18362.657,N/A,Symantec Endpoint Protection,Acer,Acer Veriton N2620G ,Veriton N2620G,DTVHDAA003412070A79600,Intel(R) Celeron(R) CPU 1017U @ 1.60GHz ,3.82 GB,Intel(R) HD Graphics,High Definition Audio Device,WDC WD5000LPVX-22V0TT0 (465GB),,"Intel(R) 82579V Gigabit Network Connection,Qualcomm Atheros AR5BWB222 Wireless Network Adapter,Bluetooth Device (Personal Area Network) #2",C,28:E3:47:D9:20:F5 28:E3:47:D9:34:7D 30:0E:D5:1A:42:FF (Primary),0,0,0,0,1,0,1,1,0,1
OPAL_SRV1,OPAL_SRV1,WORKGROUP,"May 17, 2020 10:12:27 PM","OPAL_SRV1\Administrator (Since: Apr 30, 2020 1:54:48 PM)","March 3, 2020 1:52:16 PM",67.22.215.226/192.168.1.11;,Swisher Memorial Hospital,Server,Microsoft Windows Server 2008 R2 Standard SP1 x64,6.1,7601,N/A,Microsoft Security Essentials,Dell Inc.,Dell Inc. 051XDX ,PowerEdge R520,64XLCY1,Intel(R) Xeon(R) CPU E5-2430 0 @ 2.20GHz ,11.96 GB,Matrox G200eR,N/A,"DELL PERC H310 SCSI Disk Device (278GB),DELL PERC H310 SCSI Disk Device (1861GB)",,"Broadcom NetXtreme Gigabit Ethernet #25,Broadcom NetXtreme Gigabit Ethernet #26",C,F0:1F:AF:D2:03:6A F0:1F:AF:D2:03:6B (Primary),0,0,1,1,1,0,10,2,0,0
SMHVEEAM1,SMHVEEAM1,WORKGROUP,"May 17, 2020 10:12:29 PM","SMHVEEAM1\Administrator (Since: Jul 15, 2019 4:33:13 AM)","July 15, 2019 9:33:51 AM",67.22.215.226/192.168.1.37;,Swisher Memorial Hospital,Server,Microsoft Windows Server 2016 Standard  x64,1607,14393.3085,N/A,,Microsoft Corporation,Microsoft Corporation Virtual Machine ,Virtual Machine,4411-2954-6010-0888-5747-1565-18,Intel(R) Xeon(R) CPU E5-2640 v4 @ 2.40GHz ,12 GB,Microsoft Hyper-V Video,N/A,Microsoft Virtual Disk (109GB),,Microsoft Hyper-V Network Adapter,C,00:15:5D:75:E7:02 (Primary),0,0,0,0,1,0,4,2,0,0
SMHVH1,SMHVH1,WORKGROUP,"May 17, 2020 10:12:26 PM","SMHVH1\Administrator (Since: Jul 15, 2019 4:10:05 AM),SMHVH1\srwooster (Since: Feb 17, 2020 8:40:32 AM)","July 15, 2019 9:10:50 AM",67.22.215.226/192.168.1.90;192.168.1.93;192.168.1.88;192.168.1.83;192.168.1.24;,Swisher Memorial Hospital,Server,Microsoft Windows Server 2012 R2 Standard  x64,6.3,9600,N/A,,Dell Inc.,Dell Inc. 04N3DF ,PowerEdge R730xd,D78PHB2,2x Intel(R) Xeon(R) CPU E5-2640 v4 @ 2.40GHz ,191.91 GB,Microsoft Basic Display Adapter,N/A,"DELL PERC H730P Mini SCSI Disk Device (5362GB),DELL PERC H730P Mini SCSI Disk Device (893GB)",,"QLogic BCM57810 10 Gigabit Ethernet (NDIS VBD Client),Broadcom NetXtreme Gigabit Ethernet,Broadcom NetXtreme Gigabit Ethernet #2,QLogic BCM57810 10 Gigabit Ethernet (NDIS VBD Client) #3,Broadcom NetXtreme Gigabit Ethernet #4,Hyper-V Virtual Ethernet Adapter #2,Hyper-V Virtual Ethernet Adapter #3,Hyper-V Virtual Ethernet Adapter #4",C,00:0A:F7:51:CC:30 00:0A:F7:51:CC:32 00:0E:1E:72:86:A0 (Primary)00:0E:1E:72:86:A2 B8:CA:3A:EE:FC:6D B8:CA:3A:EE:FC:6E B8:CA:3A:EE:FC:6F B8:CA:3A:EE:FC:70 ,0,0,0,0,1,0,8,67,0,1
WC-SERVER,WC-SERVER,WESTCOM,"May 17, 2020 10:12:29 PM","WC-Server\West-Com (Since: Feb 14, 2020 1:41:26 PM)","February 14, 2020 7:18:17 PM",67.22.215.226/90.0.0.4;192.168.1.39;,Swisher Memorial Hospital,Work Station,Microsoft Windows 7 Professional SP1 x64,6.1,7601,N/A,,Dell Inc.,Dell Inc. 0HKCW0 ,OptiPlex 3040,BGVR5F2,Intel(R) Core(TM) i3-6100 CPU @ 3.70GHz ,3.88 GB,Intel(R) HD Graphics 530,Realtek Audio,TOSHIBA DT01ACA050 SCSI Disk Device (465GB),PLDS DVD+-RW DU-8A5LH SCSI CdRom Device,"Realtek PCIe GBE Family Controller,ASIX AX88179 USB 3.0 to Gigabit Ethernet Adapter",C,00:50:B6:E4:05:4B 50:9A:4C:06:49:53 (Primary),0,0,0,0,0,0,9,4,0,0
SMHRADGW,SMHRADGW,swisherhospital.com,"May 17, 2020 10:12:26 PM","SMHRADGW\DirectRad (Since: Jan 24, 2020 4:45:31 PM)","January 28, 2020 10:31:41 PM",67.22.215.226/192.168.1.228;,Swisher Memorial Hospital,Server,Microsoft Windows Server 2016 Standard  x64,1607,14393.3443,N/A,Symantec Endpoint Protection,Microsoft Corporation,Microsoft Corporation Virtual Machine ,Virtual Machine,1211-9869-1912-6773-3061-9508-72,Intel(R) Xeon(R) CPU E5-2640 v4 @ 2.40GHz ,8 GB,LogMeIn Mirror Driver,N/A,Microsoft Virtual Disk (49GB),,Microsoft Hyper-V Network Adapter,C,00:15:5D:75:E7:09 (Primary),0,0,0,0,1,0,3,1,0,1
SAVVY-RP3IMSCFN,SAVVY-RP3IMSCFN,WORKGROUP,"May 17, 2020 10:12:27 PM","SAVVY-RP3IMSCFN\HospitalUser (Since: May 15, 2020 1:12:13 AM)","May 15, 2020 6:12:01 AM",67.22.215.226/192.168.3.60;,Swisher Memorial Hospital,Work Station,Microsoft Windows Embedded Standard SP1,6.1,7601.24554,N/A,McAfee VirusScan Enterprise,OEM,Intel Cantiga ,OEM,OEM,Intel(R) Core(TM)2 Duo CPU P9300 @ 2.26GHz ,2.93 GB,Mobile Intel(R) 4 Series Express Chipset Family,Realtek High Definition Audio,KINGSTON SUV400S37120G ATA Device (111GB),,"Intel(R) 82567LM Gigabit Network Connection,Intel(R) Centrino(R) Advanced-N 6205,Microsoft Virtual WiFi Miniport Adapter",C,00:02:6B:10:93:99 (Primary)6C:88:14:22:0C:F8 6C:88:14:22:0C:F9 ,0,0,0,0,0,0,0,0,0,0
SMH-D-KELLYM,SMH-D-KELLYM,swisherhospital.com,"May 17, 2020 10:12:29 PM","SWISHERHOSPITA0\KellyMaxwell (Since: May 13, 2020 8:38:22 AM)","May 13, 2020 3:28:23 AM",67.22.215.226/192.168.1.117;,Swisher Memorial Hospital,Work Station,Microsoft Windows 10 Pro  x64,1903,18362.836,"Microsoft Office Standard 2013, Build  15.0.4569.1506",Symantec Endpoint Protection,Dell Inc.,Dell Inc. 077RRV ,OptiPlex 7040,94HHBB2,Intel(R) Core(TM) i5-6500T CPU @ 2.50GHz ,3.86 GB,Citrix Indirect Display Adapter,Intel(R) Display Audio,Samsung SSD 850 EVO 250GB (232GB),,Intel(R) Ethernet Connection (2) I219-LM,C,64:00:6A:97:F4:93 (Primary),0,0,0,0,1,0,0,3,0,1
SMH-D-PTGOLF,SMH-D-PTGOLF,swisherhospital.com,"May 17, 2020 11:26:33 PM","SMH-D-PTGOLF\user (Since: Apr 15, 2020 4:28:22 PM)","May 16, 2020 2:59:06 PM",67.22.215.226/192.168.1.166;,Swisher Memorial Hospital,Work Station,Microsoft Windows 10 Pro  x64,1803,17134.228,N/A,Symantec Endpoint Protection,,ASUSTeK COMPUTER INC. H61M-E ,N/A,N/A,Intel(R) Core(TM) i3-3240 CPU @ 3.40GHz ,7.45 GB,NVIDIA GeForce GTX 1050 Ti,Realtek High Definition Audio,Samsung SSD 850 EVO 250GB (232GB),TSSTcorp DVD-ROM SH-118BB,Realtek PCIe GBE Family Controller,C,60:A4:4C:B3:2A:16 (Primary),0,0,0,0,1,0,0,0,0,1
SMH-NGORE,SMH-NGORE,swisherhospital.com,"May 16, 2020 4:30:11 PM","SWISHERHOSPITA0\NicoleGore (Since: May 15, 2020 4:26:16 PM)","May 15, 2020 9:25:53 PM",67.22.209.17/192.168.1.13;,Swisher Memorial Hospital,Work Station,Microsoft Windows 10 Pro  x64,1903,18362.836,"Microsoft Office Standard 2016, Build  16.0.4266.1001",Symantec Endpoint Protection,Microsoft Corporation,Microsoft Corporation Surface Pro 4 ,Surface Pro 4,081777554253,Intel(R) Core(TM) i5-6300U CPU @ 2.40GHz ,7.93 GB,Intel(R) HD Graphics 520,Realtek High Definition Audio(SST),"SAMSUNG MZFLV256HCHP-000MV (238GB),SanDisk Cruzer Glide USB Device (14GB)",,"Marvell AVASTAR Wireless-AC Network Controller,Surface Ethernet Adapter",C,00:FF:5E:BB:56:22 (Primary)58:82:A8:8E:EE:84 B4:AE:2B:C6:A5:8C ,0,0,1,0,1,0,0,2,0,0
SSWISHER01,SSWISHER01,emsc.root01.org,"May 17, 2020 10:12:29 PM","SSWISHER01\asd (Since: May 7, 2020 9:25:43 AM),EMSC\BBusby (Since: May 7, 2020 9:29:17 AM)","May 6, 2020 12:24:30 AM",65.215.163.16/192.168.2.2;10.155.144.39;,Swisher Memorial Hospital,Work Station,Microsoft Windows 10 Enterprise  x64,1709,16299.125,"Microsoft Office 365 ProPlus, Build  16.0.12624.20442",CrowdStrike Falcon Sensor,HP,HP 829E ,HP ProDesk 600 G3 DM,8CG7481XRS,Intel(R) Core(TM) i5-7500T CPU @ 2.70GHz ,7.88 GB,Intel(R) HD Graphics 630,Conexant HD Audio,SAMSUNG MZVLW256HEHP-000H1 (238GB),,"Intel(R) Ethernet Connection (5) I219-LM,Intel(R) Dual Band Wireless-AC 7265,Bluetooth Device (Personal Area Network)",C,02:50:41:00:00:01 AC:E2:D3:0D:E1:C3 (Primary)F8:94:C2:23:FB:81 F8:94:C2:23:FB:85 ,0,0,1,0,0,0,0,1,0,1
SMHDRECEPTION1,SMHDRECEPTION1,swisherhospital.com,"May 14, 2020 5:31:58 AM","SWISHERHOSPITA0\xray (Since: May 13, 2020 8:17:39 AM)","May 14, 2020 5:11:48 AM",67.22.215.226/192.168.1.101;,Swisher Memorial Hospital,Work Station,Microsoft Windows 10 Pro  x64,1909,18363.836,N/A,Symantec Endpoint Protection,Dell Inc.,Dell Inc. 0MGK50 ,OptiPlex 3040,8WDDXH2,Intel(R) Core(TM) i5-6500T CPU @ 2.50GHz ,7.9 GB,Intel(R) HD Graphics 530,Intel(R) Display Audio,SanDisk X400 2.5 7MM 256GB (238GB),,"Intel(R) Dual Band Wireless-AC 8260,Realtek PCIe GBE Family Controller,Bluetooth Device (Personal Area Network)",C,48:4D:7E:F2:E4:B3 F4:8C:50:C2:E8:90 (Primary)F4:8C:50:C2:E8:94 ,0,0,0,0,1,0,3,2,0,1
SMHLAB01,SMHLAB01,swisherhospital.com,"May 17, 2020 7:35:05 PM","SWISHERHOSPITA0\RachelBatenhorst (Since: May 13, 2020 9:00:53 AM)","May 14, 2020 9:59:37 PM",67.22.215.226/192.168.29.5;192.168.3.71;,Swisher Memorial Hospital,Work Station,Microsoft Windows 10 Pro  x64,1903,18362.836,"Microsoft Office Standard 2013, Build  15.0.4569.1506",Symantec Endpoint Protection,Dell Inc.,Dell Inc. 0JP3NX ,OptiPlex 3050,76DZ5K2,Intel(R) Core(TM) i5-7500T CPU @ 2.70GHz ,7.89 GB,Intel(R) HD Graphics 630,USB Audio Device,Micron 1100 SATA 256GB (238GB),,"Realtek PCIe GBE Family Controller,Intel(R) Dual Band Wireless-AC 3165,Bluetooth Device (Personal Area Network)",C,14:B3:1F:15:12:5F (Primary)7C:67:A2:8B:7E:B9 7C:67:A2:8B:7E:BD ,0,0,0,0,1,0,0,2,0,1
SMHDHP02,SMHDHP02,swisherhospital.com,"May 15, 2020 10:06:45 PM","SMHDHP02\Wellness (Since: May 14, 2020 7:47:50 AM)","April 27, 2020 7:08:10 PM",67.22.220.200/127.0.0.1;,Swisher Memorial Hospital,Work Station,Microsoft Windows 10 Pro  x64,1909,18363.778,"Microsoft Office Professional 2013, Build  15.0.4569.1506",Windows Defender,Hewlett-Packard,Hewlett-Packard 8076 ,HP ProDesk 400 G1 DM,MXL5100M0J,Intel(R) Core(TM) i5-4590T CPU @ 2.00GHz ,3.93 GB,Intel(R) HD Graphics 4600,Realtek High Definition Audio,SSD2SC120G726A104-475-27796 (111GB),,Intel(R) Ethernet Connection I217-LM,C,64:51:06:5E:09:C0 (Primary),0,0,0,0,1,0,0,0,0,1
SMHLAPTOP03,SMHLAPTOP03,swisherhospital.com,"May 11, 2020 9:31:43 PM","SWISHERHOSPITA0\JudyGill (Since: May 7, 2020 12:38:03 PM)","April 27, 2020 5:02:24 PM",67.22.215.226/192.168.3.53;,Swisher Memorial Hospital,Work Station,Microsoft Windows 10 Pro  x64,1903,18362.778,"Microsoft Office Standard 2013, Build  15.0.4569.1506",Symantec Endpoint Protection,Hewlett-Packard,Hewlett-Packard 21B7 ,HP 350 G1,5CG440319D,Intel(R) Core(TM) i5-4210U CPU @ 1.70GHz ,3.92 GB,Intel(R) HD Graphics Family,High Definition Audio Device,KINGSTON SV300S37A120G (111GB),,"Realtek PCIe GBE Family Controller,Ralink RT3290 802.11bgn Wi-Fi Adapter,Bluetooth Device (Personal Area Network)",C,00:FF:10:53:16:EB (Primary)34:64:A9:D3:AC:44 38:B1:DB:17:EB:1F 38:B1:DB:17:EB:20 ,0,0,0,0,1,1,0,4,0,1
SMHLABLAPTOP,SMHLABLAPTOP,swisherhospital.com,"April 14, 2020 6:12:33 PM","SWISHERHOSPITA0\clee (Since: Feb 19, 2020 2:16:05 PM)","February 17, 2020 10:19:42 PM",67.22.215.226/192.168.3.13;,Swisher Memorial Hospital,Work Station,Microsoft Windows 10 Pro  x64,1809,17763.1039,"Microsoft Office Standard 2016, Build  16.0.4266.1001",Windows Defender,Hewlett-Packard,Hewlett-Packard 21B7 ,HP 350 G1,5CG44025WH,Intel(R) Core(TM) i5-4210U CPU @ 1.70GHz ,3.92 GB,Intel(R) HD Graphics Family,High Definition Audio Device,Samsung SSD 850 EVO 120GB (111GB),,"Ralink RT3290 802.11bgn Wi-Fi Adapter,Realtek PCIe GBE Family Controller,Bluetooth Device (Personal Area Network)",C,34:64:A9:D3:66:1A 38:B1:DB:0D:DF:61 (Primary)38:B1:DB:0D:DF:62 ,0,0,0,0,1,0,0,1,0,0
SMH-SURFACE6,SMH-SURFACE6,swisherhospital.com,"May 15, 2020 12:59:01 AM","SWISHERHOSPITA0\JameyMaxwell (Since: May 14, 2020 12:26:18 PM)","May 14, 2020 7:54:15 AM",67.60.81.152/192.168.1.9;,Swisher Memorial Hospital,Work Station,Microsoft Windows 10 Pro  x64,1903,18362.836,N/A,Symantec Endpoint Protection,Microsoft Corporation,Microsoft Corporation Surface Pro 3 ,Surface Pro 3,022946553053,Intel(R) Core(TM) i5-4300U CPU @ 1.90GHz ,3.91 GB,Intel(R) HD Graphics Family,Realtek High Definition Audio,SAMSUNG MZMTE128HMGR-000MV (119GB),,"Marvell AVASTAR Wireless-AC Network Controller,Bluetooth PAN HelpText",C,B4:AE:2B:28:3B:ED (Primary)B4:AE:2B:28:3B:EE ,0,0,0,0,0,0,0,0,0,0
SMHIT01,SMHIT01,swisherhospital.com,"May 13, 2020 5:28:08 AM","SMHIT01\Travis (Since: Apr 16, 2020 9:53:06 AM)","May 13, 2020 4:56:01 AM",67.22.215.226/192.168.3.42;,Swisher Memorial Hospital,Work Station,Microsoft Windows 10 Pro  x64,1903,18362.778,"Microsoft Office Standard 2016, Build  16.0.4266.1001",Symantec Endpoint Protection,Hewlett-Packard,Hewlett-Packard 226E ,HP 250 G3 Notebook PC,CND424B0TR,Intel(R) Core(TM) i3-3217U CPU @ 1.80GHz ,3.9 GB,Intel(R) HD Graphics 4000,Realtek High Definition Audio,Samsung SSD 850 EVO 250GB (232GB),hp DVDRAM GU90N,"Realtek PCIe GBE Family Controller,Ralink RT3290 802.11bgn Wi-Fi Adapter,Bluetooth Device (Personal Area Network)",C,90:48:9A:42:DC:31 90:48:9A:42:DC:32 F8:A9:63:8C:07:D6 (Primary),0,0,0,0,1,0,4,4,0,1
SMH-L-KELLYM,SMH-L-KELLYM,swisherhospital.com,"April 22, 2020 10:02:37 PM","SWISHERHOSPITA0\clee (Since: Apr 22, 2020 4:45:18 PM)","April 22, 2020 9:44:29 PM",67.22.215.226/192.168.3.67;,Swisher Memorial Hospital,Work Station,Microsoft Windows 10 Pro  x64,1903,18362.657,"Microsoft Office Standard 2016, Build  16.0.4266.1001",Windows Defender,HP,HP 8079 ,HP EliteBook 840 G3,5CG6497BTG,Intel(R) Core(TM) i5-6200U CPU @ 2.30GHz ,7.88 GB,Intel(R) HD Graphics 520,Intel(R) Display Audio,SanDisk SD8SN8U-128G-1006 (119GB),,"Intel(R) Ethernet Connection I219-V,Intel(R) Dual Band Wireless-AC 8260,Bluetooth Device (Personal Area Network) #2",C,00:FF:98:0B:05:D1 (Primary)30:E1:71:89:92:18 34:F3:9A:C7:12:D0 34:F3:9A:C7:12:D4 ,0,0,0,0,1,4,13,5,0,4
